date,temperature_2m,wind_speed_10m,wind_speed_100m,wind_direction_10m,wind_direction_100m,wind_gusts_10m,surface_pressure,precipitation,cloud_cover,relative_humidity_2m
2023-02-01 00:00:00+00:00,3.7565,16.279802,33.46645,251.96562,258.2066,23.4,1022.29584,0.0,3.0,84.63182
2023-02-01 01:00:00+00:00,3.9065,17.076298,34.245445,251.56496,257.8632,27.359999,1021.99835,0.0,100.0,84.649055
2023-02-01 02:00:00+00:00,4.1064997,17.418196,34.245445,251.93944,257.8632,28.08,1021.8008,0.0,80.0,81.40048
2023-02-01 03:00:00+00:00,4.0065,18.214718,35.538033,251.56496,256.52682,29.16,1021.50073,0.0,69.0,80.51371
2023-02-01 04:00:00+00:00,4.1064997,18.448023,35.65454,252.97939,258.34973,30.239998,1021.40204,0.0,77.0,80.23891
2023-02-01 05:00:00+00:00,4.2565,18.25026,34.80848,255.14134,259.27118,29.88,1021.10443,0.0,76.0,81.129425
2023-02-01 06:00:00+00:00,4.2565,18.0,34.877293,253.73972,258.6901,29.519999,1021.5033,0.0,49.0,82.596214
2023-02-01 07:00:00+00:00,4.0065,18.0,34.877293,253.73972,258.6901,29.519999,1021.60046,0.0,12.0,84.96384
2023-02-01 08:00:00+00:00,4.2064996,20.176065,37.351624,254.47583,259.44824,32.399998,1022.0015,0.0,15.0,84.68345
2023-02-01 09:00:00+00:00,5.4564996,22.450264,37.419224,254.18074,258.9063,35.64,1022.0144,0.0,86.0,80.43177
2023-02-01 10:00:00+00:00,7.2064996,25.721743,36.832767,263.57135,265.51547,45.719997,1021.93256,0.0,86.0,73.87366
2023-02-01 11:00:00+00:00,8.4065,24.448214,34.80848,256.373,259.27118,41.039997,1022.1441,0.0,38.0,70.77759
2023-02-01 12:00:00+00:00,8.9065,25.582806,36.509396,256.15927,257.4712,42.48,1021.8501,0.0,72.0,69.64063
2023-02-01 13:00:00+00:00,9.8065,31.06239,44.039345,274.65326,274.21902,48.239998,1021.5599,0.0,100.0,63.50376
2023-02-01 14:00:00+00:00,9.8065,24.842607,36.735878,270.8303,271.68463,50.039997,1021.4602,0.0,100.0,65.55112
2023-02-01 15:00:00+00:00,9.4065,22.608458,35.543507,260.83774,263.01904,39.6,1021.3566,0.0,100.0,69.254105
2023-02-01 16:00:00+00:00,8.9565,22.253124,36.65995,260.69012,262.6657,36.719997,1021.6513,0.0,100.0,72.13941
2023-02-01 17:00:00+00:00,8.0565,21.542923,38.046055,260.38034,263.4803,36.0,1021.94116,0.0,100.0,75.60348
2023-02-01 18:00:00+00:00,7.6565,21.349546,38.202427,264.19336,267.2994,34.92,1022.2365,0.0,100.0,77.417404
2023-02-01 19:00:00+00:00,7.2064996,20.364674,36.832767,261.87,265.51547,34.56,1022.43115,0.0,100.0,81.24532
2023-02-01 20:00:00+00:00,6.8065,20.721119,37.16553,262.01077,266.11215,33.48,1022.5271,0.0,100.0,84.3844
2023-02-01 21:00:00+00:00,6.5065,19.852295,36.367126,265.84042,268.8656,33.48,1022.9227,0.0,96.0,84.94338
2023-02-01 22:00:00+00:00,6.3065,19.852295,36.719997,265.84042,270.0,32.039997,1023.21985,0.0,61.0,85.81961
2023-02-01 23:00:00+00:00,6.0565,19.164719,36.36,264.61078,270.0,32.399998,1023.1176,0.0,87.0,87.92631
2023-02-02 00:00:00+00:00,5.8065,17.935081,34.746994,259.59235,264.05322,30.960001,1023.3142,0.0,36.0,89.45854
2023-02-02 01:00:00+00:00,5.9564996,17.163355,33.24498,260.34018,265.03033,29.519999,1023.4156,0.0,14.0,89.47059
2023-02-02 02:00:00+00:00,5.6565,15.111424,31.129074,257.61926,264.02576,27.359999,1023.31287,0.0,88.0,90.392166
2023-02-02 03:00:00+00:00,5.4564996,14.759999,30.37683,257.3196,264.55975,24.48,1023.31067,0.0,98.0,90.69508
2023-02-02 04:00:00+00:00,5.1565,13.910169,29.574827,259.56256,266.51074,23.759998,1023.40717,0.0,71.0,91.63461
2023-02-02 05:00:00+00:00,4.7565,12.864649,27.952787,252.07199,262.6005,22.68,1023.40344,0.0,99.0,93.23527
2023-02-02 06:00:00+00:00,4.5565,14.578888,29.795301,249.77505,258.147,23.4,1023.4011,0.0,99.0,94.21433
2023-02-02 07:00:00+00:00,4.4065,13.570615,28.817993,248.19853,257.00537,23.759998,1023.7983,0.0,82.0,93.54597
2023-02-02 08:00:00+00:00,4.5565,13.0447235,28.829233,242.02061,254.05453,21.96,1023.8997,0.0,76.0,93.55353
2023-02-02 09:00:00+00:00,6.5065,16.516901,30.190672,253.5399,261.77338,25.56,1024.3187,0.0,85.0,91.40308
2023-02-02 10:00:00+00:00,9.106501,22.033648,32.058193,265.31418,268.06946,36.0,1024.8436,0.0,100.0,85.522575
2023-02-02 11:00:00+00:00,10.106501,27.0024,38.18716,270.7639,272.16104,44.28,1025.0535,0.0,100.0,81.63295
2023-02-02 12:00:00+00:00,10.5565,25.417631,35.900864,254.38895,254.29129,44.639996,1024.7588,0.1,100.0,77.87267
2023-02-02 13:00:00+00:00,11.106501,22.253124,31.667723,260.69012,261.50153,43.92,1024.3652,0.1,100.0,74.820366
2023-02-02 14:00:00+00:00,10.9065,22.89611,34.417206,253.55954,254.21918,37.079998,1024.0643,0.0,100.0,78.19366
2023-02-02 15:00:00+00:00,10.9065,22.66857,34.3833,249.55037,252.32379,38.16,1023.9646,0.0,100.0,78.72992
2023-02-02 16:00:00+00:00,10.5065,21.518847,35.016357,252.47433,255.10648,36.719997,1024.3591,0.0,100.0,78.94006
2023-02-02 17:00:00+00:00,9.606501,20.150354,35.11061,251.24126,254.53873,34.92,1024.4501,0.0,94.0,81.287056
2023-02-02 18:00:00+00:00,9.0065,21.068459,36.896046,250.0168,252.97939,33.839996,1024.5436,0.0,100.0,85.21873
2023-02-02 19:00:00+00:00,8.4065,22.206486,39.413013,250.09616,253.55132,35.64,1024.9364,0.0,100.0,87.53364
2023-02-02 20:00:00+00:00,8.1565,23.491207,40.960976,254.89885,257.30734,38.519997,1025.0338,0.0,100.0,88.72452
2023-02-02 21:00:00+00:00,8.8065,22.007162,37.08175,266.24835,269.44376,38.88,1025.838,0.0,100.0,84.32155
2023-02-02 22:00:00+00:00,8.3065,18.709612,34.38895,258.9063,263.9911,34.92,1025.733,0.0,96.0,85.436935
2023-02-02 23:00:00+00:00,7.6064997,19.592731,35.80507,249.56708,254.84587,30.960001,1025.3271,0.0,87.0,89.60173
2023-02-03 00:00:00+00:00,7.4065,19.930477,37.038033,249.92838,254.20753,31.68,1025.5248,0.0,87.0,90.83296
2023-02-03 01:00:00+00:00,7.8564997,20.696085,37.936893,256.93066,260.71652,33.12,1025.7286,0.0,100.0,90.24098
2023-02-03 02:00:00+00:00,8.4065,22.702845,39.18712,255.30263,259.41272,36.719997,1025.4349,0.0,100.0,89.972565
2023-02-03 03:00:00+00:00,8.9565,22.314192,38.36492,259.7779,264.0755,37.079998,1025.5405,0.0,100.0,88.186554
2023-02-03 04:00:00+00:00,9.4565,21.749481,36.758804,257.57407,261.55255,36.36,1025.3457,0.0,92.0,85.26751
2023-02-03 05:00:00+00:00,8.6565,20.345573,36.871452,256.70142,260.44577,34.92,1025.637,0.0,96.0,88.46295
2023-02-03 06:00:00+00:00,8.0065,21.915693,39.061245,255.73544,260.45093,35.28,1026.0294,0.0,98.0,92.1316
2023-02-03 07:00:00+00:00,7.9564996,20.345573,36.871452,256.70142,260.44577,35.28,1026.1284,0.0,99.0,92.4453
2023-02-03 08:00:00+00:00,7.9065,18.175545,33.933697,262.0305,265.74124,32.760002,1026.8262,0.0,99.0,92.12556
2023-02-03 09:00:00+00:00,8.8065,18.289274,31.035257,259.79608,266.00916,29.16,1027.633,0.0,99.0,89.08392
2023-02-03 10:00:00+00:00,10.3065,20.211363,29.528778,265.91446,268.60284,34.92,1027.9474,0.0,100.0,83.91887
2023-02-03 11:00:00+00:00,11.4065,21.67487,29.627363,274.76355,274.87918,36.719997,1028.5566,0.0,99.0,80.427734
2023-02-03 12:00:00+00:00,11.4565,20.780453,28.202042,284.03625,284.03625,36.0,1029.0559,0.0,87.0,77.74607
2023-02-03 13:00:00+00:00,12.2565,20.523157,27.248457,285.25516,285.32156,34.56,1028.964,0.0,70.0,75.01738
2023-02-03 14:00:00+00:00,12.3065,19.483284,26.208395,286.09088,285.94547,33.839996,1028.9646,0.0,75.0,75.0259
2023-02-03 15:00:00+00:00,12.0065,16.946787,22.963936,282.26477,283.60056,32.399998,1029.0614,0.0,100.0,74.97473
2023-02-03 16:00:00+00:00,11.4065,13.684735,22.33161,268.49258,271.84756,28.08,1029.4541,0.0,100.0,78.26976
2023-02-03 17:00:00+00:00,10.5565,13.627795,24.336637,257.79956,262.34946,21.96,1030.0442,0.0,100.0,81.413864
2023-02-03 18:00:00+00:00,10.106501,13.708391,25.099514,256.32867,261.75375,22.68,1030.638,0.0,100.0,82.193474
2023-02-03 19:00:00+00:00,9.6565,13.397612,24.842607,263.82993,269.1697,22.319998,1031.132,0.0,100.0,83.55606
2023-02-03 20:00:00+00:00,9.356501,11.542478,22.7057,266.42374,272.72626,21.24,1031.428,0.0,100.0,85.54918
2023-02-03 21:00:00+00:00,7.7064996,8.669949,21.288757,265.23645,273.87845,18.359999,1031.6105,0.0,100.0,93.388435
2023-02-03 22:00:00+00:00,6.3564997,7.208994,18.448023,272.86234,287.0206,13.32,1031.9956,0.0,96.0,96.27496
2023-02-03 23:00:00+00:00,4.9564996,9.531505,15.042659,259.1145,291.03757,11.879999,1032.4796,0.0,45.0,98.27212
2023-02-04 00:00:00+00:00,6.6064997,7.92,19.48661,270.0,281.72507,11.879999,1032.9954,0.0,48.0,94.30638
2023-02-04 01:00:00+00:00,6.3564997,9.007196,21.485697,267.70944,278.6731,14.04,1033.0924,0.0,40.0,94.951126
2023-02-04 02:00:00+00:00,6.2565,9.3669195,21.746504,267.79745,276.65433,15.119999,1033.3906,0.0,29.0,95.27688
2023-02-04 03:00:00+00:00,6.0565,8.707238,20.991426,262.8751,275.90604,15.119999,1033.3887,0.0,100.0,96.266136
2023-02-04 04:00:00+00:00,6.0065,7.771331,19.829433,256.60748,273.12207,13.679999,1033.2883,0.0,100.0,96.26468
2023-02-04 05:00:00+00:00,6.6565,7.8625183,18.72346,254.05453,271.10168,13.32,1033.3949,0.1,100.0,95.29165
2023-02-04 06:00:00+00:00,6.9065,7.42159,16.563911,247.1663,268.75467,12.959999,1033.4971,0.1,100.0,94.97279
2023-02-04 07:00:00+00:00,6.7565,6.12,14.081478,241.92761,265.60138,11.879999,1033.7947,0.0,100.0,95.62478
2023-02-04 08:00:00+00:00,6.6565,6.763786,14.044615,244.7989,268.53122,10.08,1034.1925,0.0,100.0,95.62134
2023-02-04 09:00:00+00:00,7.2064996,8.699793,15.124284,245.55606,268.6361,13.32,1034.6967,0.1,100.0,93.36284
2023-02-04 10:00:00+00:00,7.9564996,8.647496,11.879999,267.6141,270.0,14.759999,1035.203,0.0,100.0,90.24839
2023-02-04 11:00:00+00:00,8.3065,8.311245,11.159999,265.03033,270.0,14.759999,1035.3063,0.1,100.0,90.27425
2023-02-04 12:00:00+00:00,8.606501,13.339445,18.359999,266.906,270.0,15.119999,1035.7085,0.1,100.0,84.589874
2023-02-04 13:00:00+00:00,9.106501,13.004921,17.771753,274.76355,276.98096,23.039999,1035.813,0.0,100.0,76.57558
2023-02-04 14:00:00+00:00,9.4065,11.252519,15.273505,277.3523,278.13,21.96,1035.617,0.0,98.0,70.23189
2023-02-04 15:00:00+00:00,9.2565,10.086427,14.759999,267.95465,270.0,19.44,1035.5156,0.0,100.0,70.448616
2023-02-04 16:00:00+00:00,8.9065,7.69592,14.869351,259.21576,263.04712,16.56,1035.5121,0.0,93.0,72.89195
2023-02-04 17:00:00+00:00,8.106501,7.8625183,18.584509,254.05453,261.08514,12.599999,1035.8031,0.0,100.0,76.411385
2023-02-04 18:00:00+00:00,8.2065,7.628263,17.727943,250.70985,257.0926,13.32,1036.0035,0.0,100.0,75.10041
2023-02-04 19:00:00+00:00,7.6565,7.5170207,18.129137,253.30067,263.15732,12.24,1036.2971,0.0,100.0,77.68962
2023-02-04 20:00:00+00:00,7.6064997,8.557102,19.06301,247.75093,259.1145,13.32,1036.5956,0.0,100.0,79.333374
2023-02-04 21:00:00+00:00,7.3564997,9.693296,21.542923,248.19853,260.38034,15.4800005,1036.6926,0.0,91.0,83.278015
2023-02-04 22:00:00+00:00,6.8564997,9.904906,22.782625,250.9064,264.55975,15.84,1036.4882,0.0,100.0,89.23182
2023-02-04 23:00:00+00:00,7.3564997,11.620809,22.751316,253.81071,265.4623,18.359999,1036.3936,0.0,100.0,89.27252
2023-02-05 00:00:00+00:00,7.7565,11.879999,24.442911,270.0,279.32352,19.44,1036.9962,0.0,100.0,86.56946
2023-02-05 01:00:00+00:00,8.4065,14.118243,26.405453,289.35907,295.8663,22.68,1037.0026,0.0,100.0,83.98474
2023-02-05 02:00:00+00:00,8.5065,15.408671,28.019936,307.40543,312.91742,23.759998,1037.4028,0.0,97.0,83.12992
2023-02-05 03:00:00+00:00,7.0565,15.575981,29.515608,326.3099,329.99518,24.84,1037.8866,0.0,0.0,84.118835
2023-02-05 04:00:00+00:00,5.1064997,16.854767,33.137604,340.0168,342.94296,27.359999,1039.3618,0.0,5.0,89.71758
2023-02-05 05:00:00+00:00,4.4065,15.745627,31.311724,349.46088,351.40417,27.359999,1040.3514,0.0,22.0,89.34517
2023-02-05 06:00:00+00:00,3.5065,13.324863,28.808998,358.45187,1.4320632,25.199999,1040.7407,0.0,41.0,88.00467
2023-02-05 07:00:00+00:00,3.0065,14.113653,30.190672,5.8559217,8.22664,22.68,1041.6328,0.0,70.0,84.850624
2023-02-05 08:00:00+00:00,2.7565,13.358861,28.930204,14.036275,16.631037,22.68,1042.3281,0.0,95.0,81.21507
2023-02-05 09:00:00+00:00,3.8565,12.849528,26.525429,11.3098955,18.189138,21.96,1042.6389,0.0,50.0,77.07907
2023-02-05 10:00:00+00:00,5.1064997,13.039754,19.06301,6.3401003,10.885482,22.319998,1042.8519,0.0,84.0,71.3993
2023-02-05 11:00:00+00:00,6.2565,14.241629,19.242327,16.144413,17.418066,25.199999,1042.7642,0.0,98.0,66.89384
2023-02-05 12:00:00+00:00,6.9065,11.090103,14.241629,13.134034,16.144413,26.28,1043.0702,0.0,85.0,68.98537
2023-02-05 13:00:00+00:00,7.5065,9.565437,12.303366,19.798973,20.556128,21.599998,1042.7773,0.0,100.0,68.618675
2023-02-05 14:00:00+00:00,7.7565,11.113451,14.007655,24.904745,25.90646,20.519999,1042.5806,0.0,100.0,66.50352
2023-02-05 15:00:00+00:00,7.7064996,10.948973,14.168641,27.40749,27.216026,20.880001,1042.0812,0.0,98.0,64.15521
2023-02-05 16:00:00+00:00,7.3065,8.766573,14.84318,19.179106,22.833694,19.44,1042.3766,0.0,77.0,65.93047
2023-02-05 17:00:00+00:00,4.3065,9.028754,16.343367,355.42615,7.59456,13.679999,1042.5442,0.0,78.0,81.13633
2023-02-05 18:00:00+00:00,2.6065,9.793058,15.84409,342.8972,1.3019345,12.959999,1042.9248,0.0,76.0,87.60566
2023-02-05 19:00:00+00:00,1.4565,10.948973,14.618837,350.53775,9.926182,12.959999,1042.9124,0.0,68.0,90.4025
2023-02-05 20:00:00+00:00,1.1565,10.24578,14.021525,18.435053,29.197395,12.959999,1042.9092,0.0,6.0,91.03887
2023-02-05 21:00:00+00:00,0.15650001,10.703569,14.186923,19.653913,35.706783,12.959999,1042.8983,0.0,12.0,94.009186
2023-02-05 22:00:00+00:00,-0.2435,9.83268,14.336861,23.749514,38.884502,12.959999,1042.7941,0.0,22.0,95.37453
2023-02-05 23:00:00+00:00,-0.7935,10.383987,12.496718,33.6901,48.503635,12.599999,1042.489,0.0,95.0,96.05604
2023-02-06 00:00:00+00:00,-0.1935,9.504272,13.513193,37.30404,41.760216,12.24,1042.695,0.0,89.0,96.42621
2023-02-06 01:00:00+00:00,-0.0435,7.7043357,11.090103,52.594578,54.246033,10.799999,1042.3975,0.0,87.0,96.782326
2023-02-06 02:00:00+00:00,0.15650001,5.6920996,8.64,108.43504,90.0,9.0,1042.2003,0.0,6.0,98.20383
2023-02-06 03:00:00+00:00,0.30650002,5.315336,8.78872,151.69934,124.992096,6.8399997,1041.9028,0.0,100.0,100.0
2023-02-06 04:00:00+00:00,0.30650002,3.8939953,8.404285,123.6901,133.26433,6.12,1041.4043,0.0,100.0,99.63889
2023-02-06 05:00:00+00:00,0.4065,1.8,5.8603754,360.0,137.4896,4.68,1041.2058,0.0,100.0,99.63919
2023-02-06 06:00:00+00:00,-0.0435,3.8939953,5.95906,56.3099,115.01687,3.96,1040.9017,0.0,100.0,99.637856
2023-02-06 07:00:00+00:00,0.15650001,3.319036,6.1305785,77.4712,130.23628,6.4799995,1040.8044,0.0,100.0,99.63846
2023-02-06 08:00:00+00:00,-0.5935,1.8,5.6920996,233.13002,161.56496,3.6,1040.6964,0.0,100.0,100.0
2023-02-06 09:00:00+00:00,0.1065,4.1046314,5.904439,285.25516,232.43134,9.72,1040.6041,0.0,100.0,97.13873
2023-02-06 10:00:00+00:00,1.5565,1.8,3.8268526,270.0,228.81418,10.440001,1040.5205,0.0,100.0,96.823654
2023-02-06 11:00:00+00:00,3.6065,1.835647,2.5959969,78.6901,123.690094,9.72,1040.4426,0.0,51.0,90.88442
2023-02-06 12:00:00+00:00,6.3065,1.9386592,1.9386592,338.19852,291.80148,10.08,1039.5739,0.0,23.0,77.7507
2023-02-06 13:00:00+00:00,7.7064996,2.3051248,3.0758414,308.65982,290.55612,10.799999,1038.6907,0.0,23.0,70.63956
2023-02-06 14:00:00+00:00,8.2565,1.2979984,1.2979984,326.3099,303.6901,10.799999,1037.7991,0.0,4.0,64.281456
2023-02-06 15:00:00+00:00,8.356501,3.219938,3.8773184,296.56497,291.80148,8.64,1037.2018,0.0,26.0,62.492477
2023-02-06 16:00:00+00:00,7.0065,4.8433046,6.989936,311.98712,304.50858,9.0,1036.7888,0.0,0.0,77.58684
2023-02-06 17:00:00+00:00,3.7565,8.942214,9.449572,319.89914,310.36444,10.440001,1036.5554,0.0,0.0,77.34231
2023-02-06 18:00:00+00:00,5.4065,3.8773184,4.6938257,21.801476,327.52884,10.799999,1036.7723,0.0,2.0,65.983696
2023-02-06 19:00:00+00:00,1.0565,10.495713,9.605998,112.1664,102.99462,11.879999,1036.7258,0.0,8.0,87.13884
2023-02-06 20:00:00+00:00,0.2565,11.753877,13.202726,117.34979,115.8663,13.679999,1036.6174,0.0,36.0,92.65254
2023-02-06 21:00:00+00:00,0.3565,10.799999,15.124284,126.86998,128.23387,14.04,1036.7183,0.0,19.0,94.70555
2023-02-06 22:00:00+00:00,0.30650002,10.233123,14.8257065,140.71062,150.9455,12.24,1036.9172,0.0,0.0,95.74238
2023-02-06 23:00:00+00:00,-0.0435,10.308831,15.629972,167.90526,172.05663,13.32,1036.7137,0.0,2.0,97.135254
2023-02-07 00:00:00+00:00,1.9065,7.208994,12.287555,182.86235,174.95764,11.879999,1036.2363,0.0,0.0,95.79671
2023-02-07 01:00:00+00:00,1.0565,1.484318,7.928178,165.96373,177.39749,7.92,1036.2273,0.0,100.0,99.6411
2023-02-07 02:00:00+00:00,0.30650002,0.71999997,5.506941,360.0,191.30989,2.52,1036.2191,0.0,100.0,100.0
2023-02-07 03:00:00+00:00,-1.1935,2.8799999,5.04,90.0,180.0,3.6,1036.1028,0.0,100.0,99.27001
2023-02-07 04:00:00+00:00,-1.2935,1.2979984,1.835647,33.6901,281.3099,3.96,1035.9026,0.0,100.0,99.26941
2023-02-07 05:00:00+00:00,-1.2435,4.73506,3.9763298,98.74608,84.805664,9.36,1036.2023,0.0,100.0,99.26971
2023-02-07 06:00:00+00:00,-1.0935,3.7064266,7.0911775,119.05451,113.962494,11.159999,1036.1041,0.0,100.0,98.18538
2023-02-07 07:00:00+00:00,-0.5435,3.6,5.904439,126.86999,127.568665,10.440001,1036.4092,0.0,100.0,90.91838
2023-02-07 08:00:00+00:00,-0.3935,3.6,4.8965297,126.86999,143.97253,9.0,1036.9094,0.0,100.0,97.83837
2023-02-07 09:00:00+00:00,-0.0935,1.835647,2.5455842,168.69011,171.86998,8.64,1037.112,0.0,100.0,98.91662
2023-02-07 10:00:00+00:00,0.4565,1.609969,1.835647,206.56499,191.30989,9.0,1037.1182,0.0,100.0,98.208206
2023-02-07 11:00:00+00:00,1.4565,2.1897945,2.6208394,170.53775,164.05453,10.08,1037.2286,0.0,100.0,97.16982
2023-02-07 12:00:00+00:00,3.8065,3.6179552,4.73506,174.2895,171.25392,11.879999,1036.7554,0.0,100.0,86.474464
2023-02-07 13:00:00+00:00,5.1064997,1.4399999,1.609969,270.0,243.43501,11.879999,1036.1708,0.0,69.0,82.704895
2023-02-07 14:00:00+00:00,5.7565,2.5455842,2.8116899,315.0001,309.8055,10.799999,1035.679,0.0,36.0,80.18919
2023-02-07 15:00:00+00:00,5.8564997,2.0991426,2.5959969,329.03632,326.3099,10.440001,1035.6799,0.0,14.0,78.234146
2023-02-07 16:00:00+00:00,5.4564996,1.484318,1.9386592,14.036275,21.801476,8.64,1035.576,0.0,2.0,80.14616
2023-02-07 17:00:00+00:00,4.6565,3.7585104,4.0249224,16.699326,63.435013,3.96,1035.6672,0.0,3.0,81.76692
2023-02-07 18:00:00+00:00,2.6065,6.638072,7.628263,40.601215,70.70986,7.5599995,1035.6455,0.0,0.0,87.60566
2023-02-07 19:00:00+00:00,1.2565,8.209263,10.440001,74.74483,90.0,9.36,1035.9304,0.0,0.0,91.70851
2023-02-07 20:00:00+00:00,-0.6435,10.636766,13.527572,113.962494,115.20109,12.599999,1035.9097,0.0,1.0,97.47703
2023-02-07 21:00:00+00:00,-1.1435,10.464797,14.291592,130.81499,139.08571,12.599999,1035.9042,0.0,4.0,98.90724
2023-02-07 22:00:00+00:00,-1.2435,9.826088,13.237039,151.55717,157.61983,12.24,1035.8035,0.0,0.0,99.26971
2023-02-07 23:00:00+00:00,-0.9435,7.5685663,11.609651,182.72626,172.87508,11.159999,1035.9064,0.0,100.0,99.63517
2023-02-08 00:00:00+00:00,0.056500003,5.8048253,10.24578,172.87508,161.56496,8.64,1035.5182,0.0,100.0,97.84629
2023-02-08 01:00:00+00:00,-0.4935,0.8049845,7.69592,63.435013,169.21574,6.4799995,1035.3131,0.0,98.0,99.63651
2023-02-08 02:00:00+00:00,-1.0935,0.71999997,5.0528407,360.0,175.91446,2.8799999,1034.9077,0.0,100.0,99.63471
2023-02-08 03:00:00+00:00,-2.4935,2.2768397,2.5455842,18.435053,188.13002,4.32,1034.4932,0.0,100.0,98.895004
2023-02-08 04:00:00+00:00,-2.6435,2.4149535,0.71999997,26.564985,270.0,6.12,1034.0928,0.0,100.0,98.89363
2023-02-08 05:00:00+00:00,-2.9935,3.319036,4.8433046,77.4712,138.01286,7.2,1034.0889,0.0,100.0,97.42799
2023-02-08 06:00:00+00:00,-2.9435,3.2399998,8.209263,90.0,142.12495,7.5599995,1033.8901,0.0,100.0,98.157555
2023-02-08 07:00:00+00:00,-2.5435,2.7416782,7.2,66.801384,143.13002,7.92,1033.8943,0.0,100.0,98.89455
2023-02-08 08:00:00+00:00,-2.1435,3.0547013,5.8048253,44.999897,150.2552,6.12,1033.6993,0.0,100.0,98.89819
2023-02-08 09:00:00+00:00,-1.1935,2.7416782,2.5959969,23.198618,146.3099,9.0,1033.8096,0.0,100.0,97.824196
2023-02-08 10:00:00+00:00,0.2565,1.8,1.2979984,36.86999,123.690094,9.72,1033.626,0.0,100.0,95.3931
2023-02-08 11:00:00+00:00,2.1565,0.71999997,1.5273507,90.0,135.0001,9.36,1033.3473,0.0,65.0,91.108665
2023-02-08 12:00:00+00:00,3.3065,0.71999997,1.5273507,90.0,135.0001,10.799999,1032.7612,0.0,36.0,74.77783
2023-02-08 13:00:00+00:00,5.5065,3.319036,4.73506,167.4712,171.25392,10.799999,1031.7874,0.0,0.0,72.51433
2023-02-08 14:00:00+00:00,7.0065,7.928178,10.805999,182.60251,181.9091,16.199999,1030.5065,0.0,0.0,63.763252
2023-02-08 15:00:00+00:00,7.2064996,12.015589,15.986595,188.61557,187.76508,20.16,1029.7107,0.0,0.0,57.654427
2023-02-08 16:00:00+00:00,6.0065,8.089993,17.193533,200.85454,199.57321,20.16,1029.2996,0.0,0.0,69.04656
2023-02-08 17:00:00+00:00,2.2065,9.983106,18.837322,205.64096,206.0753,13.32,1029.0602,0.0,0.0,85.68632
2023-02-08 18:00:00+00:00,0.9065,9.178235,21.09305,205.55992,207.43964,13.32,1029.0463,0.0,0.0,90.03277
2023-02-08 19:00:00+00:00,0.1065,8.699793,22.539564,204.44394,206.56499,12.959999,1029.0375,0.0,22.0,92.3058
2023-02-08 20:00:00+00:00,-0.8435,9.885262,21.868332,213.11136,212.90524,13.32,1028.9275,0.0,4.0,93.96105
2023-02-08 21:00:00+00:00,-1.3435,9.726664,21.650938,218.991,222.97864,13.32,1029.0217,0.0,3.0,94.632744
2023-02-08 22:00:00+00:00,-1.4935,8.942214,21.915691,220.10085,227.66306,13.32,1028.6212,0.0,80.0,94.62624
2023-02-08 23:00:00+00:00,-1.5435,9.387651,21.650938,212.47118,222.97864,12.959999,1028.3215,0.0,94.0,94.27498
2023-02-09 00:00:00+00:00,-1.0435,8.404285,21.533897,223.26433,231.78893,12.959999,1027.9282,0.0,100.0,94.64569
2023-02-09 01:00:00+00:00,-0.6435,8.4963045,22.657131,216.38445,225.64366,12.959999,1027.2347,0.0,100.0,94.662895
2023-02-09 02:00:00+00:00,-0.9935,8.4963045,20.570463,233.61555,237.14427,12.599999,1027.1311,0.0,100.0,94.996574
2023-02-09 03:00:00+00:00,-0.8935,7.9932966,21.485697,234.16226,238.70702,11.879999,1026.9327,0.0,100.0,95.35021
2023-02-09 04:00:00+00:00,-0.6935,7.9036193,21.734581,239.9315,243.43501,12.24,1026.9349,0.0,100.0,95.00867
2023-02-09 05:00:00+00:00,-0.4935,8.049845,22.127556,243.43501,248.02544,12.24,1027.1366,0.0,100.0,95.3652
2023-02-09 06:00:00+00:00,-0.1935,7.628263,21.313093,250.70985,254.3204,12.24,1027.5386,0.0,100.0,95.37639
2023-02-09 07:00:00+00:00,0.6565,6.9527545,18.782204,248.74942,257.82855,12.24,1028.1462,0.0,100.0,95.0625
2023-02-09 08:00:00+00:00,1.3065,6.763786,16.343367,244.7989,262.40546,11.159999,1028.7512,0.0,100.0,95.08812
2023-02-09 09:00:00+00:00,2.2565,9.605998,16.343367,257.00537,277.59454,14.4,1029.4596,0.0,100.0,92.43517
2023-02-09 10:00:00+00:00,3.5065,8.373386,15.696165,244.5367,306.60718,15.119999,1029.8717,0.0,10.0,90.554115
2023-02-09 11:00:00+00:00,6.0565,6.12,11.966954,270.0,313.7812,14.759999,1029.9983,0.0,22.0,83.70589
2023-02-09 12:00:00+00:00,7.7565,5.692099,7.8954163,304.69522,313.1524,20.519999,1030.0157,0.0,67.0,79.91238
2023-02-09 13:00:00+00:00,8.9065,7.127636,9.178235,315.0001,318.1799,15.84,1029.8279,0.0,100.0,66.0491
2023-02-09 14:00:00+00:00,9.2565,8.404285,10.691453,313.26434,315.0001,16.56,1029.9313,0.0,84.0,52.59512
2023-02-09 15:00:00+00:00,8.9565,7.42159,9.726664,309.09384,308.991,16.56,1030.327,0.0,68.0,50.267403
2023-02-09 16:00:00+00:00,7.2064996,5.95906,8.707237,295.01685,299.74478,13.32,1030.6082,0.0,52.0,73.87366
2023-02-09 17:00:00+00:00,3.2565,10.787993,12.10157,295.7099,300.37906,11.879999,1031.1654,0.0,87.0,78.39202
2023-02-09 18:00:00+00:00,1.6565,11.304229,16.92383,307.23492,308.08884,13.679999,1032.2452,0.0,57.0,85.31526
2023-02-09 19:00:00+00:00,0.5065,11.525623,14.84318,308.65982,309.09384,14.759999,1032.532,0.0,78.0,86.76551
2023-02-09 20:00:00+00:00,-0.3935,11.709688,15.281989,315.0001,313.09085,13.32,1033.22,0.0,90.0,87.96378
2023-02-09 21:00:00+00:00,-0.7435,11.480557,16.055355,311.18582,317.72638,14.759999,1033.9144,0.0,61.0,87.282234
2023-02-09 22:00:00+00:00,1.2065,6.489992,10.44,266.82022,313.6029,13.32,1033.9355,0.0,73.0,81.59653
2023-02-09 23:00:00+00:00,-1.3935,6.6087217,7.628263,240.64233,289.29013,7.92,1034.2064,0.0,87.0,89.85159
2023-02-10 00:00:00+00:00,-1.9935,9.504272,11.043261,232.69597,250.9743,10.799999,1033.9005,0.0,64.0,96.01742
2023-02-10 01:00:00+00:00,-2.2935,9.346143,14.264361,254.3577,259.82455,12.24,1033.8973,0.0,45.0,97.80448
2023-02-10 02:00:00+00:00,-2.5435,9.531505,15.84,259.1145,270.0,11.879999,1033.8943,0.0,31.0,98.16361
2023-02-10 03:00:00+00:00,-2.5935,8.905908,14.869351,255.96373,276.95285,11.879999,1033.8939,0.0,82.0,97.43644
2023-02-10 04:00:00+00:00,-2.8435,8.707237,11.609651,240.2552,277.1249,11.159999,1033.7915,0.0,100.0,96.70805
2023-02-10 05:00:00+00:00,-2.3935,6.696387,10.636766,216.25392,246.0375,10.799999,1033.4971,0.0,98.0,96.72016
2023-02-10 06:00:00+00:00,-2.5435,8.161764,12.24,228.57643,241.92761,10.799999,1033.5951,0.0,89.0,96.35724
2023-02-10 07:00:00+00:00,-2.7435,8.089993,14.372974,249.14546,247.93205,11.5199995,1033.8921,0.0,94.0,95.993
2023-02-10 08:00:00+00:00,-1.7435,6.12,16.58346,241.92761,242.87877,10.799999,1034.3022,0.0,100.0,95.31814
2023-02-10 09:00:00+00:00,0.7065,10.009036,19.083395,232.3057,234.21094,16.199999,1034.3289,0.0,100.0,88.71205
2023-02-10 10:00:00+00:00,3.0565,9.793058,22.104116,252.89719,253.92636,18.0,1034.8528,0.0,100.0,83.03912
2023-02-10 11:00:00+00:00,4.8564997,11.966953,17.76081,248.83867,252.29948,21.599998,1034.5726,0.0,100.0,78.921875
2023-02-10 12:00:00+00:00,6.3564997,13.905509,19.469975,248.74942,250.55988,23.759998,1034.1893,0.0,100.0,72.934616
2023-02-10 13:00:00+00:00,7.4065,15.844089,21.194187,248.68202,249.10216,27.72,1033.602,0.0,94.0,68.84287
2023-02-10 14:00:00+00:00,7.8564997,16.854767,22.545315,250.0168,250.40762,29.16,1033.2078,0.0,100.0,68.44783
2023-02-10 15:00:00+00:00,7.6565,16.09969,22.226902,243.43501,245.09526,29.16,1033.0063,0.0,100.0,71.38499
2023-02-10 16:00:00+00:00,6.9564996,13.397612,23.847115,239.30035,241.11351,26.64,1033.1982,0.0,100.0,77.305534
2023-02-10 17:00:00+00:00,5.4065,11.983188,26.576681,237.26477,241.69934,21.24,1033.2821,0.0,100.0,86.027245
2023-02-10 18:00:00+00:00,4.9564996,14.186923,30.141266,234.29321,240.67961,22.319998,1033.2772,0.0,100.0,89.38992
2023-02-10 19:00:00+00:00,5.2064996,14.20062,30.121912,239.53453,245.2727,23.039999,1033.18,0.0,100.0,90.04171
2023-02-10 20:00:00+00:00,5.7064996,14.007655,29.620802,244.09354,249.36237,23.4,1033.0857,0.0,100.0,90.39585
2023-02-10 21:00:00+00:00,5.4564996,12.768586,28.58545,248.4985,253.16245,22.68,1033.0831,0.0,100.0,91.975586
2023-02-10 22:00:00+00:00,5.4564996,12.43434,28.038431,247.8905,254.3577,20.519999,1033.3823,0.0,100.0,93.27207
2023-02-10 23:00:00+00:00,6.1064997,11.841756,25.068514,250.46326,257.56046,20.880001,1033.2893,0.0,100.0,93.95708
2023-02-11 00:00:00+00:00,6.9564996,9.6932955,22.007162,254.93146,266.24835,18.359999,1033.0986,0.0,100.0,93.028
2023-02-11 01:00:00+00:00,7.1565,9.605998,20.883104,257.00537,269.01227,15.4800005,1033.101,0.0,100.0,94.65615
2023-02-11 02:00:00+00:00,7.0065,8.209263,19.083395,254.74483,268.9191,15.119999,1032.9995,0.0,100.0,95.63334
2023-02-11 03:00:00+00:00,6.8065,8.891344,19.652176,248.6293,261.57312,14.04,1032.5988,0.0,100.0,95.9568
2023-02-11 04:00:00+00:00,6.7064996,9.178235,20.696085,244.44008,256.93066,14.759999,1032.3981,0.0,100.0,95.62306
2023-02-11 05:00:00+00:00,6.6565,9.693296,20.696085,248.19853,256.93066,15.119999,1032.4973,0.0,100.0,95.95204
2023-02-11 06:00:00+00:00,6.5065,9.565437,20.545246,250.20103,258.887,15.4800005,1032.7948,0.0,100.0,95.947266
2023-02-11 07:00:00+00:00,6.3065,9.904906,20.545246,250.9064,258.887,15.4800005,1033.092,0.0,100.0,95.94088
2023-02-11 08:00:00+00:00,6.4564996,9.826088,19.803272,261.57312,268.9584,15.4800005,1033.592,0.0,100.0,95.28427
2023-02-11 09:00:00+00:00,7.0565,8.905908,20.674158,255.96373,277.00116,16.199999,1033.798,0.0,100.0,93.03338
2023-02-11 10:00:00+00:00,8.5065,12.661564,17.309973,284.8265,286.92758,20.880001,1033.9126,0.0,100.0,86.04948
2023-02-11 11:00:00+00:00,9.7065,11.269782,14.48972,296.56497,296.56497,22.68,1034.0243,0.0,76.0,80.466415
2023-02-11 12:00:00+00:00,10.2065,9.6932955,12.413476,285.06854,286.8585,20.519999,1034.0295,0.0,82.0,75.44231
2023-02-11 13:00:00+00:00,10.606501,8.311245,10.365251,287.6502,290.3232,18.359999,1033.8339,0.0,100.0,70.95933
2023-02-11 14:00:00+00:00,10.5565,6.763786,8.373386,295.20108,295.46332,16.56,1033.6342,0.0,100.0,69.97169
2023-02-11 15:00:00+00:00,10.4565,5.4833565,6.763786,293.1986,295.20108,12.959999,1033.4338,0.0,100.0,68.98527
2023-02-11 16:00:00+00:00,10.2065,2.968636,5.7599998,255.96373,270.0,10.440001,1033.6306,0.0,100.0,73.38428
2023-02-11 17:00:00+00:00,8.6565,5.3999996,6.792466,216.86998,237.99466,6.4799995,1033.8141,0.0,100.0,82.57559
2023-02-11 18:00:00+00:00,8.0065,5.1165614,9.885262,219.28938,236.88864,7.5599995,1034.2065,0.0,100.0,84.81519
2023-02-11 19:00:00+00:00,7.9564996,5.8603754,13.0447235,227.4896,242.02061,8.64,1034.505,0.0,100.0,83.6411
2023-02-11 20:00:00+00:00,7.4065,5.3999996,12.43434,233.13002,247.8905,8.64,1034.699,0.0,100.0,85.63702
2023-02-11 21:00:00+00:00,7.0065,5.95906,9.6932955,244.98314,254.93146,7.92,1034.8942,0.0,100.0,88.318954
2023-02-11 22:00:00+00:00,6.7064996,6.489992,7.5685663,266.82022,267.27374,7.5599995,1034.891,0.0,100.0,91.09957
2023-02-11 23:00:00+00:00,7.0565,4.3349743,5.506941,274.76355,281.3099,7.5599995,1034.9946,0.0,100.0,87.71156
2023-02-12 00:00:00+00:00,6.8564997,1.835647,1.1384199,11.3098955,341.56494,5.04,1035.3912,0.0,100.0,84.982376
2023-02-12 01:00:00+00:00,6.4065,3.7585104,5.00128,106.699326,120.256355,3.6,1035.2869,0.0,100.0,87.958176
2023-02-12 02:00:00+00:00,6.1064997,6.725354,9.028754,105.52418,113.49858,7.5599995,1035.184,0.0,73.0,90.74139
2023-02-12 03:00:00+00:00,6.2064996,7.729527,10.630672,117.75845,118.30067,8.64,1035.1849,0.0,77.0,88.248184
2023-02-12 04:00:00+00:00,5.7565,8.942214,10.799999,139.89915,126.86998,9.72,1034.981,0.0,82.0,87.28341
2023-02-12 05:00:00+00:00,5.6064997,8.161764,10.383987,138.57643,123.690094,10.08,1035.0791,0.0,100.0,88.505196
2023-02-12 06:00:00+00:00,5.7565,6.489992,9.422101,123.6901,133.45189,9.36,1035.0807,0.0,100.0,88.20811
2023-02-12 07:00:00+00:00,5.9065,4.510787,10.990322,118.61037,148.39255,7.2,1034.9825,0.0,100.0,89.15385
2023-02-12 08:00:00+00:00,6.1565,4.6102495,12.979984,141.34016,160.55988,7.2,1035.4838,0.0,100.0,91.06195
2023-02-12 09:00:00+00:00,7.0565,5.8048253,12.0694,150.2552,162.64589,9.0,1035.5929,0.0,100.0,88.01699
2023-02-12 10:00:00+00:00,8.106501,6.12,9.504273,151.92761,155.37645,11.5199995,1035.6036,0.0,80.0,82.21984
2023-02-12 11:00:00+00:00,8.9565,10.30883,13.049689,155.22488,155.55606,19.08,1035.6124,0.0,100.0,69.65074
2023-02-12 12:00:00+00:00,8.7565,11.966953,15.844089,158.83867,158.68202,19.08,1035.2112,0.0,100.0,73.120026
2023-02-12 13:00:00+00:00,9.106501,9.826088,12.371645,171.57312,171.6342,21.24,1034.7161,0.0,100.0,70.17221
2023-02-12 14:00:00+00:00,9.106501,8.209263,10.483357,164.74483,164.05453,18.0,1034.3171,0.0,100.0,70.17221
2023-02-12 15:00:00+00:00,9.2065,8.587338,10.990322,146.97614,148.39255,14.759999,1033.82,0.0,100.0,70.43873
2023-02-12 16:00:00+00:00,9.0065,8.14587,11.720751,135.0001,137.4896,15.84,1033.5186,0.0,100.0,71.89655
2023-02-12 17:00:00+00:00,8.2065,5.6920996,12.979984,108.43504,123.6901,12.599999,1033.4108,0.0,100.0,77.50477
2023-02-12 18:00:00+00:00,7.7565,6.6185193,14.982228,112.38018,125.21768,10.08,1033.6057,0.0,100.0,81.03653
2023-02-12 19:00:00+00:00,7.5065,6.439876,14.904173,116.56499,127.14677,10.799999,1033.8025,0.0,100.0,83.58711
2023-02-12 20:00:00+00:00,6.8564997,5.634891,14.05845,116.56499,129.80553,10.08,1033.8954,0.0,100.0,88.30574
2023-02-12 21:00:00+00:00,6.3065,5.4833565,14.618837,113.19862,127.99879,8.64,1033.79,0.0,79.0,91.38986
2023-02-12 22:00:00+00:00,6.3564997,7.5685663,17.283749,115.34614,125.6765,11.879999,1033.7904,0.0,100.0,89.190895
2023-02-12 23:00:00+00:00,6.2565,8.39657,18.626305,120.96369,131.08165,13.32,1033.5901,0.0,100.0,89.80752
2023-02-13 00:00:00+00:00,5.7565,8.435069,18.089775,129.80553,137.41954,14.4,1033.3855,0.0,100.0,89.768555
2023-02-13 01:00:00+00:00,5.9564996,8.161764,16.08761,131.42357,139.53786,14.759999,1033.0883,0.0,100.0,86.08464
2023-02-13 02:00:00+00:00,5.7064996,6.638072,14.291592,130.60121,139.08571,12.959999,1032.986,0.0,89.0,84.8537
2023-02-13 03:00:00+00:00,4.7565,5.1919937,13.755579,123.690094,137.12111,10.08,1032.5774,0.0,35.0,88.43069
2023-02-13 04:00:00+00:00,3.9565,5.00128,13.755579,120.256355,137.12111,7.92,1032.4692,0.0,25.0,91.55647
2023-02-13 05:00:00+00:00,2.7565,6.28713,14.264361,113.62939,132.95459,9.36,1032.5559,0.0,33.0,94.46824
2023-02-13 06:00:00+00:00,2.4565,5.937272,15.192682,104.03627,126.32692,9.0,1032.2535,0.0,61.0,94.79349
2023-02-13 07:00:00+00:00,2.0565,6.162207,16.263872,96.70974,117.69938,9.36,1032.2494,0.0,16.0,95.80176
2023-02-13 08:00:00+00:00,2.2565,6.725354,17.477621,105.52418,122.38066,10.08,1032.3514,0.0,2.0,95.80846
2023-02-13 09:00:00+00:00,4.2565,7.6367526,17.10284,98.13002,130.73203,14.4,1032.173,0.0,1.0,89.96882
2023-02-13 10:00:00+00:00,6.5065,6.151683,10.296251,110.55613,126.46933,14.04,1031.9972,0.0,2.0,86.141716
2023-02-13 11:00:00+00:00,8.356501,7.8954163,9.931042,133.1524,136.46873,16.919998,1032.0164,0.0,10.0,81.96729
2023-02-13 12:00:00+00:00,10.0565,9.0,11.384198,143.13002,145.30478,19.44,1031.435,0.0,17.0,70.360634
2023-02-13 13:00:00+00:00,10.9065,8.373386,10.30883,154.5367,155.22488,19.08,1030.9452,0.0,0.0,67.88819
2023-02-13 14:00:00+00:00,11.3065,7.5942082,9.511088,148.57048,150.5242,18.0,1030.3506,0.0,0.0,67.97183
2023-02-13 15:00:00+00:00,11.4065,8.4963045,11.384198,143.61555,145.30478,16.56,1029.9528,0.0,0.0,69.41786
2023-02-13 16:00:00+00:00,10.7065,7.42159,13.104198,140.90616,142.81522,16.56,1029.7466,0.0,0.0,75.26749
2023-02-13 17:00:00+00:00,7.2064996,9.449572,16.135872,130.36446,141.34016,11.879999,1029.8103,0.0,0.0,88.951454
2023-02-13 18:00:00+00:00,5.4065,9.422101,18.58451,136.54811,148.46526,12.599999,1030.2905,0.0,0.0,93.269455
2023-02-13 19:00:00+00:00,3.8565,10.514218,18.720001,141.95291,157.3801,13.32,1030.274,0.0,0.0,95.861534
2023-02-13 20:00:00+00:00,2.6065,11.91812,18.289274,154.98314,169.79608,14.04,1030.1611,0.0,0.0,97.19591
2023-02-13 21:00:00+00:00,1.9065,12.57426,19.45333,166.75948,177.87895,15.119999,1030.1538,0.0,0.0,96.140915
2023-02-13 22:00:00+00:00,1.9565,12.261158,19.45333,176.6336,182.12105,15.119999,1030.0547,0.0,0.0,94.0944
2023-02-13 23:00:00+00:00,2.3565,11.885453,18.775301,178.26433,184.39862,14.759999,1030.0588,0.0,0.0,92.109886
2023-02-14 00:00:00+00:00,2.3565,11.966953,19.245697,186.91113,187.52373,14.04,1029.66,0.0,17.0,91.4506
2023-02-14 01:00:00+00:00,2.5065,11.720751,19.35314,190.6196,189.63747,14.04,1029.4622,0.0,0.0,92.119156
2023-02-14 02:00:00+00:00,1.6565,13.049689,19.694992,204.44394,198.10385,15.119999,1029.2538,0.0,0.0,94.76024
2023-02-14 03:00:00+00:00,1.1065,13.708391,20.46941,203.19861,203.86018,16.199999,1028.9489,0.0,0.0,96.46352
2023-02-14 04:00:00+00:00,0.8565,13.281023,19.376562,212.82854,215.16652,16.199999,1028.7463,0.0,0.0,96.805664
2023-02-14 05:00:00+00:00,1.0565,11.753876,17.10284,220.0302,220.73201,15.84,1028.7487,0.0,0.0,97.16067
2023-02-14 06:00:00+00:00,1.1065,11.119281,15.778516,209.0545,214.77791,13.679999,1028.9489,0.0,0.0,97.16181
2023-02-14 07:00:00+00:00,1.1565,10.739833,15.141414,193.57045,208.39293,12.959999,1029.0488,0.0,6.0,96.81339
2023-02-14 08:00:00+00:00,1.3065,11.304229,16.311613,189.16228,202.03629,13.32,1029.4493,0.0,0.0,97.1664
2023-02-14 09:00:00+00:00,5.3065,7.5685663,15.281989,182.72626,195.01842,13.32,1029.2921,0.0,0.0,90.04933
2023-02-14 10:00:00+00:00,7.9065,4.73506,14.917212,171.25392,188.32556,12.24,1029.2195,0.0,0.0,85.69014
2023-02-14 11:00:00+00:00,10.0065,5.771239,8.311245,183.57626,184.96965,14.4,1029.1411,0.0,0.0,81.34059
2023-02-14 12:00:00+00:00,10.9565,5.0528407,6.489992,184.08554,183.17976,15.84,1028.6517,0.0,0.0,79.00665
2023-02-14 13:00:00+00:00,12.2065,6.2145634,8.049845,190.00792,190.3048,14.759999,1028.066,0.0,0.0,72.992325
2023-02-14 14:00:00+00:00,12.8065,7.072878,9.255571,194.7436,193.49574,15.4800005,1027.3738,0.0,0.0,67.8168
2023-02-14 15:00:00+00:00,12.7565,6.849467,9.028754,183.01273,184.57384,15.4800005,1026.8748,0.0,0.0,67.11244
2023-02-14 16:00:00+00:00,11.7065,4.2136917,10.308831,160.0168,167.90526,13.32,1026.3658,0.0,0.0,76.47241
2023-02-14 17:00:00+00:00,7.3564997,11.592895,14.003029,154.23073,162.03076,12.959999,1026.1223,0.0,0.0,87.73921
2023-02-14 18:00:00+00:00,5.2064996,12.10157,16.45007,149.62096,156.80139,14.4,1026.1001,0.0,16.0,93.25896
2023-02-14 19:00:00+00:00,3.7565,12.738099,18.089775,137.29063,148.84076,14.759999,1025.8857,0.0,42.0,95.858246
2023-02-14 20:00:00+00:00,2.7565,12.984975,19.881649,133.87679,148.32457,15.119999,1025.6755,0.0,100.0,94.80586
2023-02-14 21:00:00+00:00,2.2065,13.755579,21.30093,137.12111,149.53453,15.84,1025.4705,0.0,94.0,86.622475
2023-02-14 22:00:00+00:00,2.1065,13.551501,21.897945,140.38934,152.59251,16.199999,1025.1703,0.0,68.0,81.12486
2023-02-14 23:00:00+00:00,2.5565,12.181624,19.721298,145.84026,158.58696,16.199999,1024.8761,0.0,77.0,79.433136
2023-02-15 00:00:00+00:00,2.1565,11.709688,18.388212,135.0001,156.94867,14.4,1024.2732,0.0,100.0,86.93155
2023-02-15 01:00:00+00:00,2.0065,11.709688,18.899143,135.0001,162.25523,13.679999,1023.5736,0.0,100.0,90.77037
2023-02-15 02:00:00+00:00,2.3065,12.413477,19.652176,150.46132,171.57312,14.4,1022.8788,0.0,76.0,92.77054
2023-02-15 03:00:00+00:00,1.2565,14.04,21.288757,180.0,183.87845,16.199999,1022.2695,0.0,100.0,93.72209
2023-02-15 04:00:00+00:00,1.1065,14.154915,22.148045,187.30566,187.47147,16.919998,1021.56995,0.0,100.0,94.39525
2023-02-15 05:00:00+00:00,1.7565,13.1041975,21.068459,200.92458,196.88687,16.919998,1021.27747,0.0,100.0,94.42417
2023-02-15 06:00:00+00:00,1.9565,12.7279215,20.188908,208.7397,201.99118,15.4800005,1021.18005,0.0,100.0,94.43303
2023-02-15 07:00:00+00:00,1.8065,12.397806,21.900904,205.82094,205.30135,15.84,1021.0788,0.0,100.0,94.087364
2023-02-15 08:00:00+00:00,3.8565,9.227524,25.12016,200.55612,205.4633,15.4800005,1021.29956,0.0,100.0,91.225464
2023-02-15 09:00:00+00:00,6.5065,13.53236,26.434887,208.61037,209.35765,20.16,1021.1277,0.0,100.0,83.75982
2023-02-15 10:00:00+00:00,8.606501,12.979984,27.162708,213.6901,214.74324,21.96,1021.0495,0.0,100.0,79.75671
2023-02-15 11:00:00+00:00,10.2065,15.778518,22.38378,207.1496,207.80136,26.28,1020.8661,0.0,100.0,75.70312
2023-02-15 12:00:00+00:00,11.2565,15.509274,21.794127,201.80147,202.3287,29.88,1020.1785,0.0,31.0,71.82357
2023-02-15 13:00:00+00:00,12.5065,18.089775,24.696104,211.15924,210.6772,30.960001,1019.79175,0.0,0.0,68.4554
2023-02-15 14:00:00+00:00,12.9065,19.33639,26.427528,204.17911,204.12099,32.760002,1019.19714,0.0,0.0,65.776054
2023-02-15 15:00:00+00:00,12.606501,18.681883,26.729847,205.08356,205.52965,32.399998,1019.09467,0.0,0.0,65.71056
2023-02-15 16:00:00+00:00,11.4565,18.359999,30.500309,208.07239,210.49976,30.599998,1019.1831,0.0,0.0,68.00312
2023-02-15 17:00:00+00:00,9.606501,16.1198,32.359974,209.42737,212.27562,29.16,1019.065,0.0,8.0,71.75958
2023-02-15 18:00:00+00:00,8.3065,15.1884165,32.949345,211.42952,213.86372,25.919998,1019.0518,0.0,31.0,78.06373
2023-02-15 19:00:00+00:00,7.9065,16.485485,33.857227,211.60745,215.042,26.64,1019.04803,0.0,100.0,81.33996
2023-02-15 20:00:00+00:00,7.4065,13.896187,31.037344,216.57312,217.93333,26.28,1019.2424,0.0,45.0,86.23435
2023-02-15 21:00:00+00:00,7.1565,12.88981,28.62396,215.90982,219.89778,22.319998,1019.33954,0.0,99.0,89.87708
2023-02-15 22:00:00+00:00,7.9065,13.044722,27.0024,219.40063,222.83891,21.599998,1019.24744,0.0,100.0,91.18084
2023-02-15 23:00:00+00:00,8.356501,12.768586,25.7041,229.574,232.96953,21.24,1019.1522,0.0,100.0,94.06168
2023-02-16 00:00:00+00:00,8.856501,11.988594,23.688984,228.65231,233.65245,20.16,1019.65594,0.0,100.0,96.34725
2023-02-16 01:00:00+00:00,8.856501,13.684735,24.26998,234.63745,237.72438,21.599998,1019.5562,0.0,100.0,96.0211
2023-02-16 02:00:00+00:00,8.2065,11.525623,22.473343,231.34016,234.78232,21.599998,1019.25037,0.0,100.0,95.348274
2023-02-16 03:00:00+00:00,7.6565,9.0,20.111729,216.86998,224.27486,18.72,1018.5469,0.0,100.0,94.352684
2023-02-16 04:00:00+00:00,7.7565,13.854155,26.486313,204.56715,211.09724,26.64,1018.04926,1.1,100.0,90.23357
2023-02-16 05:00:00+00:00,7.3564997,11.923557,25.567604,208.88649,212.34741,22.319998,1017.7458,0.1,100.0,90.829475
2023-02-16 06:00:00+00:00,7.8564997,16.981165,30.430117,201.12479,205.95871,25.919998,1017.2524,0.0,100.0,88.39346
2023-02-16 07:00:00+00:00,8.106501,19.08,33.353954,211.89075,212.6609,30.239998,1016.9558,0.0,100.0,85.711296
2023-02-16 08:00:00+00:00,8.4565,19.8,34.70407,216.86998,216.98885,32.039997,1017.5577,0.2,100.0,89.05514
2023-02-16 09:00:00+00:00,8.856501,21.09305,35.945957,207.43964,209.38892,34.2,1017.16284,2.4,100.0,90.31467
2023-02-16 10:00:00+00:00,9.356501,20.929594,33.847656,206.56499,209.29126,34.2,1017.0679,0.1,100.0,89.73821
2023-02-16 11:00:00+00:00,9.9565,20.767975,33.696075,213.6901,216.74756,33.48,1016.8746,0.0,100.0,91.008804
2023-02-16 12:00:00+00:00,10.2065,21.096123,35.141975,216.67444,217.92653,37.079998,1016.87714,0.0,100.0,91.95201
2023-02-16 13:00:00+00:00,11.106501,24.344624,32.777794,218.3952,218.7581,42.48,1016.2876,0.0,100.0,90.78152
2023-02-16 14:00:00+00:00,11.4065,20.620804,29.275326,225.70723,225.49815,39.239998,1016.09106,0.0,100.0,91.10656
2023-02-16 15:00:00+00:00,11.856501,21.26744,30.45566,236.0409,237.06131,36.719997,1015.89606,0.0,100.0,90.53085
2023-02-16 16:00:00+00:00,12.106501,16.575644,27.41678,235.6196,240.06857,33.839996,1015.8986,0.0,100.0,87.871155
2023-02-16 17:00:00+00:00,11.9065,16.263872,28.512817,242.30061,245.37645,27.359999,1015.79694,0.0,100.0,87.85323
2023-02-16 18:00:00+00:00,11.4065,15.379206,27.438046,249.44386,250.85176,26.28,1016.29047,0.0,100.0,88.400055
2023-02-16 19:00:00+00:00,10.9565,17.76081,31.006012,252.29948,254.51144,28.44,1016.9841,0.0,100.0,88.06403
2023-02-16 20:00:00+00:00,10.5065,18.58451,31.771912,248.40463,250.12773,30.239998,1017.37854,0.0,100.0,88.024124
2023-02-16 21:00:00+00:00,9.5565,19.483284,35.127216,242.48808,245.79903,30.960001,1017.5688,0.0,99.0,90.67319
2023-02-16 22:00:00+00:00,9.356501,20.63023,36.388504,240.75127,244.19551,33.48,1017.6662,0.0,100.0,92.52585
2023-02-16 23:00:00+00:00,10.2565,21.611996,36.2243,240.01845,243.43501,34.56,1017.7752,0.0,100.0,91.33688
2023-02-17 00:00:00+00:00,10.9065,22.702845,37.868507,242.62238,245.8716,35.64,1017.38275,0.0,100.0,91.6865
2023-02-17 01:00:00+00:00,11.1565,23.090569,37.67637,239.03632,242.70052,37.079998,1017.08575,0.0,100.0,91.70218
2023-02-17 02:00:00+00:00,11.2065,23.507753,38.67278,242.6502,245.82089,37.8,1016.7872,0.0,100.0,92.63036
2023-02-17 03:00:00+00:00,11.2065,24.535526,39.39986,247.5741,250.24043,39.239998,1016.68744,0.0,100.0,92.63036
2023-02-17 04:00:00+00:00,11.1565,26.208395,42.609463,254.05453,256.31595,42.48,1016.6869,0.0,100.0,91.089806
2023-02-17 05:00:00+00:00,10.7065,26.654589,42.69606,253.52304,255.84656,43.199997,1016.68274,0.0,100.0,88.937775
2023-02-17 06:00:00+00:00,10.0065,25.620771,41.899426,250.29193,252.49904,43.199997,1016.47626,0.0,100.0,89.18173
2023-02-17 07:00:00+00:00,9.356501,27.322077,44.554268,251.56496,254.05453,43.92,1016.7687,0.0,100.0,88.82562
2023-02-17 08:00:00+00:00,9.606501,28.348713,44.269753,252.25523,255.39868,46.079998,1017.56915,0.0,100.0,87.94372
2023-02-17 09:00:00+00:00,10.5565,29.620802,45.57805,253.76758,256.29303,47.519997,1017.6784,0.0,100.0,83.66306
2023-02-17 10:00:00+00:00,12.0065,29.035288,42.877796,252.68826,254.91359,49.32,1017.9919,0.0,100.0,80.51062
2023-02-17 11:00:00+00:00,12.9565,28.185953,41.742928,245.07155,246.08768,46.079998,1017.3031,0.0,85.0,79.833336
2023-02-17 12:00:00+00:00,13.1565,36.204617,51.228897,250.84428,251.56496,60.479996,1017.9034,0.0,100.0,78.26984
2023-02-17 13:00:00+00:00,13.2565,31.079071,44.285854,251.77483,252.00682,57.239998,1018.50256,0.0,100.0,79.3423
2023-02-17 14:00:00+00:00,13.4565,29.024128,40.991024,262.8751,262.9375,50.039997,1019.1029,0.1,100.0,78.31501
2023-02-17 15:00:00+00:00,13.5565,22.530937,33.326748,257.074,259.41843,46.079998,1019.50275,0.0,99.0,80.185326
2023-02-17 16:00:00+00:00,13.0565,23.000591,35.457714,252.69939,254.6938,37.8,1019.897,0.0,100.0,83.118904
2023-02-17 17:00:00+00:00,12.2565,19.93048,33.1845,253.20154,254.90837,36.719997,1020.28784,0.0,100.0,87.29974
2023-02-17 18:00:00+00:00,12.106501,20.150354,33.3792,251.24126,253.715,32.399998,1020.8849,0.0,100.0,87.871155
2023-02-17 19:00:00+00:00,11.8065,19.586117,32.744175,252.89719,255.35258,32.399998,1021.2808,0.0,100.0,89.326065
2023-02-17 20:00:00+00:00,11.8065,17.533146,29.830078,250.82089,252.43964,31.319998,1021.3805,0.0,100.0,89.326065
2023-02-17 21:00:00+00:00,11.856501,15.683774,27.86921,238.13406,241.4487,28.08,1021.0818,0.0,100.0,90.229324
2023-02-17 22:00:00+00:00,11.8065,18.089775,30.699368,227.41954,230.7106,28.44,1021.0814,0.0,100.0,90.82984
2023-02-17 23:00:00+00:00,11.6565,21.203358,34.9923,229.82083,233.3658,33.839996,1020.6809,0.0,100.0,89.91363
2023-02-18 00:00:00+00:00,11.2565,21.175837,35.346058,234.6887,236.6336,38.519997,1020.1785,0.0,100.0,91.09651
2023-02-18 01:00:00+00:00,11.4065,22.288042,36.086296,238.8776,241.38963,36.719997,1019.5814,0.0,100.0,88.69723
2023-02-18 02:00:00+00:00,11.2565,24.48,38.803257,241.92761,244.1482,38.88,1019.48047,0.0,100.0,87.49995
2023-02-18 03:00:00+00:00,10.6565,27.276978,42.388374,247.49643,249.10216,43.92,1018.8761,0.0,100.0,83.95967
2023-02-18 04:00:00+00:00,10.0065,27.055143,41.45631,244.7989,246.99738,44.28,1018.2713,0.0,100.0,84.746994
2023-02-18 05:00:00+00:00,9.7565,25.478743,40.57952,246.69508,248.67047,43.199997,1018.06934,0.0,100.0,85.2999
2023-02-18 06:00:00+00:00,9.9565,26.427528,42.45253,245.87901,247.56696,42.12,1017.7721,0.0,100.0,81.89329
2023-02-18 07:00:00+00:00,9.6565,25.809765,42.47542,247.01126,250.18275,42.839996,1017.66943,0.0,100.0,83.84272
2023-02-18 08:00:00+00:00,10.356501,26.729847,42.45253,244.47034,247.56696,43.199997,1017.7762,0.0,100.0,82.78846
2023-02-18 09:00:00+00:00,11.2065,25.744402,40.07497,249.53764,252.21602,43.199997,1018.18335,0.0,100.0,81.49992
2023-02-18 10:00:00+00:00,12.1565,20.65848,32.110706,247.4569,250.34608,42.12,1018.6913,0.0,100.0,80.25996
2023-02-18 11:00:00+00:00,12.8065,27.067116,39.29116,256.14856,256.21838,41.760002,1018.89716,0.0,100.0,79.01099
2023-02-18 12:00:00+00:00,12.7065,26.200977,37.137627,257.3004,258.2544,45.719997,1018.8962,0.0,100.0,79.52993
2023-02-18 13:00:00+00:00,12.7065,24.1388,34.17157,252.64589,253.47412,41.760002,1018.59705,0.0,100.0,80.606705
2023-02-18 14:00:00+00:00,12.7065,24.482647,35.406506,250.23274,251.01228,41.760002,1018.2978,0.2,100.0,81.69632
2023-02-18 15:00:00+00:00,12.5065,22.33161,33.58821,249.22766,250.59393,41.039997,1017.79724,0.4,100.0,85.30653
2023-02-18 16:00:00+00:00,12.1565,21.325253,33.697998,248.19853,251.95209,36.0,1017.39484,0.1,100.0,87.2904
2023-02-18 17:00:00+00:00,11.7565,23.110205,36.8486,251.8472,255.28488,36.36,1017.391,0.0,100.0,88.72654
2023-02-18 18:00:00+00:00,11.106501,25.14852,40.315178,256.75946,259.1918,40.68,1017.6837,0.0,100.0,84.58233
2023-02-18 19:00:00+00:00,10.356501,23.110205,37.38457,251.8472,254.3577,40.68,1017.8759,0.0,100.0,85.94632
2023-02-18 20:00:00+00:00,9.6565,22.668568,37.731365,259.93936,262.8751,37.079998,1018.36755,0.0,97.0,84.998085
2023-02-18 21:00:00+00:00,9.0565,19.562946,35.036713,257.24246,260.53775,36.36,1018.4612,0.0,49.0,89.40924
2023-02-18 22:00:00+00:00,8.5565,18.35647,33.75756,258.6901,262.6477,31.68,1018.75525,0.0,20.0,91.850296
2023-02-18 23:00:00+00:00,8.2565,17.227419,32.998474,259.15973,263.10767,29.519999,1018.8521,0.0,18.0,92.146645
2023-02-19 00:00:00+00:00,8.106501,17.731598,33.510952,264.17374,267.53723,30.239998,1019.44885,0.0,85.0,92.453964
2023-02-19 01:00:00+00:00,8.0065,16.62249,31.68,265.03033,270.0,28.44,1019.84674,0.0,50.0,91.50128
2023-02-19 02:00:00+00:00,7.7565,16.93531,32.431984,267.56342,272.54474,27.72,1020.34283,0.0,31.0,91.48504
2023-02-19 03:00:00+00:00,7.4564996,16.923828,32.2034,271.21884,275.77423,27.72,1020.7384,0.0,28.0,89.90012
2023-02-19 04:00:00+00:00,7.1565,16.65754,31.912327,276.20334,281.05637,27.359999,1021.3339,0.0,66.0,88.33216
2023-02-19 05:00:00+00:00,7.0065,16.039202,31.006012,279.0394,285.48856,27.359999,1022.13,0.0,81.0,87.40235
2023-02-19 06:00:00+00:00,7.1565,16.167967,30.396025,281.5601,288.64963,26.28,1022.53064,0.0,100.0,85.90908
2023-02-19 07:00:00+00:00,7.2064996,15.281989,29.07989,285.0184,291.80148,26.64,1022.82996,0.0,100.0,84.72536
2023-02-19 08:00:00+00:00,7.3065,13.441071,25.43802,290.37653,296.92758,24.48,1023.3299,0.0,100.0,83.85507
2023-02-19 09:00:00+00:00,8.3065,15.683774,22.97522,301.86594,305.4334,24.84,1024.2373,0.0,98.0,78.88472
2023-02-19 10:00:00+00:00,9.1565,18.391737,25.233404,310.23627,312.10864,30.960001,1025.0438,0.0,74.0,71.92505
2023-02-19 11:00:00+00:00,9.9065,16.548256,21.897945,315.88132,316.33215,31.319998,1025.4504,0.0,97.0,65.80422
2023-02-19 12:00:00+00:00,11.1565,12.661564,16.171976,284.8265,286.8215,29.16,1025.4626,0.0,80.0,61.402878
2023-02-19 13:00:00+00:00,11.7565,12.245294,15.4800005,268.31534,270.0,24.119999,1025.1696,0.0,20.0,60.90412
2023-02-19 14:00:00+00:00,12.106501,12.758432,16.071491,253.61038,254.40712,23.759998,1024.8738,0.0,80.0,60.353207
2023-02-19 15:00:00+00:00,12.1565,13.237039,17.447933,247.61981,248.19853,23.759998,1024.6748,0.0,95.0,60.576286
2023-02-19 16:00:00+00:00,11.9065,11.119281,17.068707,240.94548,242.35411,23.4,1024.1738,0.0,36.0,62.88241
2023-02-19 17:00:00+00:00,9.8065,8.435069,20.46941,230.19447,235.75092,17.28,1023.85345,0.0,98.0,73.82269
2023-02-19 18:00:00+00:00,8.4565,11.246759,27.362368,230.19447,237.35538,17.28,1024.239,0.0,78.0,80.8508
2023-02-19 19:00:00+00:00,7.9564996,12.879752,28.883131,243.43501,247.27023,20.519999,1024.3334,0.0,47.0,85.10397
2023-02-19 20:00:00+00:00,7.1565,12.9249525,28.112288,257.125,260.4171,20.519999,1024.525,0.0,19.0,89.566216
2023-02-19 21:00:00+00:00,6.6565,16.92383,32.559605,246.16125,251.96562,26.64,1024.3203,0.0,14.0,90.780304
2023-02-19 22:00:00+00:00,6.2064996,18.514643,34.69847,243.43501,247.42583,29.88,1024.2158,0.0,31.0,91.06537
2023-02-19 23:00:00+00:00,6.1565,17.87718,33.626774,244.98314,248.65414,29.88,1024.1157,0.0,36.0,91.69891
2023-02-20 00:00:00+00:00,6.4065,18.204042,32.67285,245.46228,251.36533,28.8,1023.8191,0.0,85.0,92.67593
2023-02-20 01:00:00+00:00,6.8065,19.652176,34.50746,241.55717,246.64441,31.319998,1023.32477,0.0,100.0,90.47632
2023-02-20 02:00:00+00:00,6.9564996,20.497883,34.776817,239.38147,242.90453,33.12,1022.8274,0.0,100.0,90.17397
2023-02-20 03:00:00+00:00,7.3564997,21.924562,35.10323,240.4886,244.48618,35.28,1022.5324,0.0,100.0,88.65638
2023-02-20 04:00:00+00:00,7.5065,22.38378,36.08091,242.19862,245.22488,36.0,1022.13525,0.0,100.0,88.36286
2023-02-20 05:00:00+00:00,7.6064997,22.057161,35.364388,243.85321,247.87361,36.0,1022.0364,0.0,100.0,89.29279
2023-02-20 06:00:00+00:00,7.7565,20.771093,33.626774,244.32323,248.65414,35.28,1021.7389,0.0,100.0,89.304924
2023-02-20 07:00:00+00:00,8.0065,20.447239,33.29173,243.88614,248.42863,33.48,1021.4423,0.0,100.0,88.40653
2023-02-20 08:00:00+00:00,8.4565,21.325253,34.494312,248.19853,251.75404,34.2,1021.64624,0.0,100.0,86.937965
2023-02-20 09:00:00+00:00,9.606501,21.915693,32.136932,255.73544,257.0535,41.760002,1021.957,0.0,100.0,82.69502
2023-02-20 10:00:00+00:00,10.356501,20.833395,29.830078,251.87805,252.43964,35.28,1021.96466,0.0,100.0,81.66582
2023-02-20 11:00:00+00:00,11.2065,27.193705,38.403748,263.15732,263.5413,42.839996,1022.0726,0.0,100.0,78.77466
2023-02-20 12:00:00+00:00,10.856501,27.558228,37.801712,250.1447,250.5296,45.0,1021.57043,0.0,100.0,78.18602
2023-02-20 13:00:00+00:00,11.8065,27.219902,37.462494,249.88733,250.34608,46.079998,1020.88196,0.0,100.0,74.940544
2023-02-20 14:00:00+00:00,12.2565,25.96496,35.65454,253.0724,253.57774,45.0,1020.08844,0.0,56.0,74.255714
2023-02-20 15:00:00+00:00,12.4065,22.805367,31.63087,258.15796,258.17853,42.839996,1019.69104,0.0,52.0,73.77833
2023-02-20 16:00:00+00:00,12.3065,18.448023,26.554728,252.97939,254.26793,37.079998,1019.49066,0.0,14.0,73.50981
2023-02-20 17:00:00+00:00,10.9565,13.684735,26.925497,234.63745,240.35022,29.16,1019.2777,0.0,8.0,80.36522
2023-02-20 18:00:00+00:00,9.3065,12.181624,27.553524,235.84026,241.09091,22.319998,1019.46094,0.0,20.0,87.61699
2023-02-20 19:00:00+00:00,8.5565,12.287555,27.532352,238.17259,242.76494,19.8,1019.4533,0.0,100.0,90.29264
2023-02-20 20:00:00+00:00,8.7565,11.592895,24.94413,244.23071,249.73422,20.16,1019.45514,0.0,100.0,90.61654
2023-02-20 21:00:00+00:00,9.1565,10.829958,21.41319,248.5522,253.39293,19.08,1019.45935,0.0,100.0,89.4172
2023-02-20 22:00:00+00:00,9.3065,9.6932955,19.296133,254.93146,261.41647,17.28,1019.46094,0.0,100.0,89.734344
2023-02-20 23:00:00+00:00,9.2565,10.041354,19.559633,255.4655,263.6599,16.199999,1019.26086,0.0,100.0,90.3439
2023-02-21 00:00:00+00:00,8.3065,13.217443,25.772078,240.64233,245.22488,17.64,1018.75256,0.0,100.0,93.100204
2023-02-21 01:00:00+00:00,8.4565,12.72283,24.735432,244.8852,248.66307,21.599998,1018.5549,0.0,100.0,92.7907
2023-02-21 02:00:00+00:00,8.356501,12.397806,23.73271,244.17906,247.71436,20.519999,1018.0553,0.0,100.0,93.74111
2023-02-21 03:00:00+00:00,8.2065,11.298495,22.314194,247.52052,252.1496,19.8,1017.65485,0.0,100.0,94.37671
2023-02-21 04:00:00+00:00,8.106501,10.30883,20.037485,245.22488,252.21602,18.0,1017.35474,0.0,99.0,94.695465
2023-02-21 05:00:00+00:00,7.5565,7.289445,16.981165,237.09476,248.87521,16.56,1016.95,0.0,98.0,96.640335
2023-02-21 06:00:00+00:00,7.3065,6.696387,15.463246,233.74606,245.22488,11.5199995,1016.6487,0.0,100.0,96.9658
2023-02-21 07:00:00+00:00,7.1565,5.991594,14.84318,237.26477,247.1663,10.799999,1016.6471,0.0,100.0,97.29568
2023-02-21 08:00:00+00:00,7.8065,7.8625183,11.013882,254.05453,258.6901,11.879999,1016.85284,0.0,100.0,94.35923
2023-02-21 09:00:00+00:00,8.606501,8.350138,10.853866,262.5687,264.2895,14.759999,1016.9609,0.0,100.0,87.85344
2023-02-21 10:00:00+00:00,9.106501,9.565437,12.303366,250.20103,249.44386,17.64,1016.66644,0.0,100.0,82.917404
2023-02-21 11:00:00+00:00,9.606501,9.387651,11.681987,237.52882,236.3099,18.359999,1016.2727,0.0,100.0,79.351494
2023-02-21 12:00:00+00:00,8.9565,9.693296,12.10157,211.32863,210.37904,18.72,1015.96716,0.0,100.0,85.50658
2023-02-21 13:00:00+00:00,9.856501,11.304229,14.186923,217.23491,215.70677,20.519999,1015.0786,0.0,100.0,83.00996
2023-02-21 14:00:00+00:00,10.5565,11.019764,13.896187,218.36752,216.57312,21.24,1014.1881,0.0,100.0,79.762184
2023-02-21 15:00:00+00:00,10.856501,10.514218,13.608762,218.04709,217.47626,20.519999,1013.39307,0.0,100.0,76.33385
2023-02-21 16:00:00+00:00,10.7065,9.957108,13.044722,220.60121,219.40063,19.44,1012.993,0.0,100.0,75.00901
2023-02-21 17:00:00+00:00,8.8065,5.315336,13.089354,208.30066,211.50421,17.28,1012.5751,0.0,100.0,85.49055
2023-02-21 18:00:00+00:00,7.1064997,7.072878,14.799459,194.7436,198.43504,10.440001,1012.55786,0.0,100.0,91.442566
2023-02-21 19:00:00+00:00,6.6565,8.049845,19.483284,190.3048,196.09088,12.24,1012.4537,0.0,100.0,92.69008
2023-02-21 20:00:00+00:00,5.6064997,6.849467,17.651016,183.01273,191.76826,12.24,1012.0441,0.0,100.0,95.25271
2023-02-21 21:00:00+00:00,5.0065,6.2145634,16.946787,190.00792,192.26476,10.799999,1011.7389,0.0,100.0,96.23504
2023-02-21 22:00:00+00:00,4.5065,6.297428,16.263872,210.96368,207.69939,10.08,1011.33466,0.0,100.0,96.8978
2023-02-21 23:00:00+00:00,5.1064997,5.1919937,15.459054,213.6901,207.75845,11.5199995,1011.2413,1.2,100.0,95.23399
2023-02-22 00:00:00+00:00,4.0065,6.9247384,14.512064,242.10283,226.00499,9.36,1010.133,0.0,100.0,95.52892
2023-02-22 01:00:00+00:00,4.5565,4.68,12.864649,270.0,252.07199,12.24,1009.73975,0.1,100.0,95.88443
2023-02-22 02:00:00+00:00,4.5065,3.6,7.771331,143.13002,193.39252,7.2,1009.24054,0.0,88.0,95.88281
2023-02-22 03:00:00+00:00,4.3564997,6.2145634,9.6932955,169.99208,195.06854,9.72,1008.94006,0.0,98.0,94.53769
2023-02-22 04:00:00+00:00,3.4565,8.14587,11.457958,224.9999,226.27295,9.72,1008.33234,0.0,100.0,97.214966
2023-02-22 05:00:00+00:00,4.8564997,5.937272,14.689589,255.96373,252.89719,9.72,1008.1474,0.0,100.0,95.894196
2023-02-22 06:00:00+00:00,4.9564996,5.0142193,12.849528,248.96242,258.6901,9.36,1007.8492,0.0,100.0,96.23354
2023-02-22 07:00:00+00:00,5.3065,8.089993,15.463244,249.14546,257.90524,12.959999,1007.9524,0.2,100.0,95.57463
2023-02-22 08:00:00+00:00,5.5065,7.628263,13.910169,250.70985,259.56256,12.959999,1008.0544,0.5,99.0,95.91524
2023-02-22 09:00:00+00:00,6.0065,7.8954163,12.0694,245.77226,252.64589,14.759999,1007.9597,0.5,100.0,95.598946
2023-02-22 10:00:00+00:00,6.6064997,10.315115,13.527572,240.75127,244.7989,16.919998,1008.26483,0.4,92.0,93.98056
2023-02-22 11:00:00+00:00,7.3065,11.440979,14.84318,245.85446,247.1663,19.8,1008.27216,0.4,100.0,91.140335
2023-02-22 12:00:00+00:00,7.8564997,12.413476,16.516901,253.14151,253.5399,21.24,1008.477,0.4,100.0,88.39346
2023-02-22 13:00:00+00:00,8.2565,12.6462,16.62249,265.10098,265.03033,21.96,1008.38135,0.0,100.0,87.21863
2023-02-22 14:00:00+00:00,8.2065,10.805999,15.124284,268.09088,268.6361,21.96,1008.38074,0.2,100.0,88.423935
2023-02-22 15:00:00+00:00,8.4065,7.8625183,11.770403,285.94547,293.4287,17.64,1008.48224,0.2,100.0,89.35727
2023-02-22 16:00:00+00:00,8.5065,7.6367526,11.090103,315.0001,324.24603,14.759999,1008.68304,0.0,100.0,85.753494
2023-02-22 17:00:00+00:00,7.9564996,4.6102495,10.514218,308.65982,321.9529,12.599999,1009.1759,0.0,94.0,88.09775
2023-02-22 18:00:00+00:00,6.9564996,4.8965297,12.538134,306.02747,320.82635,7.5599995,1009.6644,0.0,70.0,91.74983
2023-02-22 19:00:00+00:00,5.3065,7.729527,14.799459,297.75842,318.94528,10.799999,1010.1462,0.0,100.0,94.24827
2023-02-22 20:00:00+00:00,5.4065,7.6367526,20.3774,315.0001,327.99466,12.24,1010.6461,0.0,99.0,91.33002
2023-02-22 21:00:00+00:00,4.8065,8.913181,22.366402,316.63654,326.82147,14.4,1010.9389,0.0,64.0,90.32928
2023-02-22 22:00:00+00:00,3.9565,9.290511,23.990698,324.46225,334.204,15.119999,1011.5287,0.0,54.0,91.23228
2023-02-22 23:00:00+00:00,3.6565,10.829959,26.27753,344.57776,350.53775,17.64,1011.5256,0.0,11.0,92.18968
2023-02-23 00:00:00+00:00,4.3564997,10.446206,23.933907,1.9748993,6.9111314,19.44,1011.7322,0.0,23.0,93.21408
2023-02-23 01:00:00+00:00,3.5065,7.92,21.434364,360.0,7.7217383,16.199999,1012.22186,0.0,71.0,94.50096
2023-02-23 02:00:00+00:00,3.8565,7.5685663,20.240196,357.27374,5.102074,14.04,1012.4248,0.0,100.0,94.85091
2023-02-23 03:00:00+00:00,4.3564997,8.557102,20.957443,345.3791,355.07297,13.32,1012.4302,0.0,100.0,93.87382
2023-02-23 04:00:00+00:00,5.6064997,14.04,25.2924,360.0,4.8990126,21.24,1012.34326,0.0,100.0,88.505196
2023-02-23 05:00:00+00:00,5.5065,17.414476,30.955812,7.12493,8.695422,27.359999,1012.54175,0.0,100.0,89.74899
2023-02-23 06:00:00+00:00,5.7064996,17.057314,30.36403,7.274921,10.244031,28.8,1012.84283,0.2,100.0,89.76465
2023-02-23 07:00:00+00:00,5.8564997,17.654686,31.079071,16.58742,18.225176,28.8,1013.5424,0.8,100.0,92.000374
2023-02-23 08:00:00+00:00,6.2064996,19.721298,32.76,21.413042,22.61991,31.68,1014.6428,0.2,100.0,91.06537
2023-02-23 09:00:00+00:00,6.4065,22.79684,36.636963,21.297422,22.533302,36.719997,1015.2433,0.2,100.0,88.57468
2023-02-23 10:00:00+00:00,6.5565,23.871555,36.73588,23.085169,24.304535,38.88,1015.7434,0.1,100.0,86.75143
2023-02-23 11:00:00+00:00,6.8065,21.659916,33.092598,21.44781,22.380184,38.519997,1016.3444,0.2,100.0,86.473976
2023-02-23 12:00:00+00:00,7.5565,23.675304,33.847656,28.12365,29.29127,36.0,1016.4514,0.0,100.0,83.01269
2023-02-23 13:00:00+00:00,7.7064996,20.188908,28.772987,31.138918,31.701384,38.88,1016.45294,0.0,100.0,80.18501
2023-02-23 14:00:00+00:00,8.3065,20.592503,28.51282,36.469334,37.304024,34.56,1016.459,0.0,100.0,74.33145
2023-02-23 15:00:00+00:00,8.2565,19.576189,27.362368,32.22873,32.644634,33.839996,1016.55853,0.0,100.0,71.75351
2023-02-23 16:00:00+00:00,7.9065,17.076298,25.744402,18.435053,20.462362,33.12,1016.95386,0.0,100.0,72.45022
2023-02-23 17:00:00+00:00,7.1064997,18.345877,28.691795,15.945463,17.52567,29.519999,1017.14496,0.0,100.0,74.380905
2023-02-23 18:00:00+00:00,6.5065,17.208603,28.119204,15.780828,18.667006,29.16,1017.43805,0.0,100.0,73.74698
2023-02-23 19:00:00+00:00,6.2064996,16.055353,26.141552,19.653913,22.680603,27.72,1017.7341,0.0,100.0,70.84741
2023-02-23 20:00:00+00:00,5.8065,13.905509,24.014996,21.25058,23.875284,25.56,1017.43085,0.0,99.0,70.00767
2023-02-23 21:00:00+00:00,4.9065,10.028439,20.447239,21.037588,26.113852,22.319998,1017.32184,0.0,47.0,72.92561
2023-02-23 22:00:00+00:00,2.2565,7.968939,18.043148,18.435053,28.610369,16.199999,1017.4938,0.0,65.0,85.3818
2023-02-23 23:00:00+00:00,2.1565,6.28713,8.942214,13.240531,40.10085,12.599999,1016.994,0.0,94.0,83.5306
2023-02-24 00:00:00+00:00,-0.44349998,9.47012,12.599999,351.2539,360.0,7.5599995,1016.468,0.0,99.0,88.93823
2023-02-24 01:00:00+00:00,-0.2435,7.289444,9.504272,290.22495,322.69595,11.159999,1015.6722,0.0,100.0,87.00963
2023-02-24 02:00:00+00:00,-0.9935,6.849467,16.75064,273.01273,298.21725,11.159999,1014.9663,0.0,100.0,90.550766
2023-02-24 03:00:00+00:00,-1.0435,6.924738,17.974781,278.97253,302.7352,10.08,1014.3674,0.0,100.0,91.21901
2023-02-24 04:00:00+00:00,-1.1435,6.87779,18.792551,263.9911,286.6993,10.799999,1013.3693,0.0,100.0,90.205
2023-02-24 05:00:00+00:00,-0.6435,7.9932976,20.12461,262.23492,280.30478,12.959999,1012.87616,0.0,100.0,86.96949
2023-02-24 06:00:00+00:00,0.7065,10.137692,19.881649,253.49556,275.19434,15.84,1011.89325,0.0,100.0,79.740974
2023-02-24 07:00:00+00:00,0.8565,9.565437,19.813087,250.20103,272.08252,15.84,1011.39624,0.0,100.0,81.5486
2023-02-24 08:00:00+00:00,1.7565,11.592895,19.134262,244.23071,274.31595,16.919998,1011.306,0.0,100.0,82.27081
2023-02-24 09:00:00+00:00,3.8565,10.464797,18.94024,243.43501,278.74606,18.72,1010.72955,0.0,100.0,79.340004
2023-02-24 10:00:00+00:00,6.5065,9.0,13.276144,270.0,282.5288,18.359999,1010.05884,0.0,100.0,77.23319
2023-02-24 11:00:00+00:00,8.2065,12.538134,16.418526,320.82635,322.12494,20.519999,1009.6771,0.0,100.0,80.25589
2023-02-24 12:00:00+00:00,8.5565,14.77755,20.532627,357.20734,357.99048,24.119999,1009.3815,0.0,100.0,82.27771
2023-02-24 13:00:00+00:00,8.5565,11.525623,16.199999,358.21014,360.0,25.199999,1008.98254,0.0,100.0,81.42722
2023-02-24 14:00:00+00:00,8.5065,9.3669195,13.679999,357.79745,360.0,19.08,1008.5833,0.0,100.0,81.42052
2023-02-24 15:00:00+00:00,8.606501,12.261158,18.374111,3.3664,2.2457027,19.44,1008.2851,0.0,37.0,79.20447
2023-02-24 16:00:00+00:00,9.1565,13.202726,19.839235,11.003508,11.513804,24.119999,1008.1908,0.0,51.0,70.42884
2023-02-24 17:00:00+00:00,7.9065,13.779114,26.208395,19.855309,20.924576,22.319998,1008.57733,0.0,28.0,71.433395
2023-02-24 18:00:00+00:00,6.4065,13.237039,27.475807,22.380184,21.522667,22.319998,1009.35986,0.0,13.0,76.67109
2023-02-24 19:00:00+00:00,4.6064997,10.787993,25.600533,25.709915,25.844334,21.599998,1010.03955,0.0,88.0,85.33421
2023-02-24 20:00:00+00:00,4.3564997,13.1041975,28.58545,15.945477,16.837555,20.880001,1010.5356,0.0,97.0,86.83889
2023-02-24 21:00:00+00:00,4.4065,14.917212,29.947151,8.325568,9.688724,24.119999,1010.9348,0.0,67.0,84.10419
2023-02-24 22:00:00+00:00,3.8565,15.226764,30.190672,6.7888846,8.22664,24.84,1011.72675,0.0,39.0,84.34065
2023-02-24 23:00:00+00:00,3.3565,14.081478,28.66694,4.398633,7.2141733,24.84,1011.8215,0.0,37.0,86.42833
2023-02-25 00:00:00+00:00,2.8565,13.084402,28.162956,352.09293,355.60138,23.039999,1012.0155,0.0,53.0,88.897865
2023-02-25 01:00:00+00:00,3.1565,12.287555,26.282465,354.95764,359.21518,21.599998,1012.3179,0.0,23.0,87.6576
2023-02-25 02:00:00+00:00,2.6065,11.609651,25.929996,352.87506,358.40887,20.16,1012.3121,0.0,17.0,89.19674
2023-02-25 03:00:00+00:00,1.9565,10.948973,25.60053,350.53775,356.77554,18.72,1012.40515,0.0,14.0,90.76676
2023-02-25 04:00:00+00:00,1.7565,11.367109,26.368616,349.04596,355.3014,18.0,1012.5026,0.0,22.0,91.08084
2023-02-25 05:00:00+00:00,1.6565,12.9249525,28.227306,347.125,354.14407,20.880001,1012.90063,0.0,46.0,90.74514
2023-02-25 06:00:00+00:00,1.8065,14.154915,29.5551,352.69434,357.20734,22.68,1013.00195,0.0,50.0,89.45295
2023-02-25 07:00:00+00:00,1.8565,13.679999,28.496904,360.0,3.621412,23.759998,1013.10187,0.0,30.0,88.81201
2023-02-25 08:00:00+00:00,2.8065,17.283749,30.317043,1.1934711,4.085537,27.0,1013.61066,0.0,34.0,85.13462
2023-02-25 09:00:00+00:00,4.8564997,19.770523,28.664682,10.491434,11.592147,36.36,1013.931,0.0,36.0,76.41404
2023-02-25 10:00:00+00:00,5.8065,26.980793,37.226505,18.676802,18.610262,44.639996,1014.14014,0.0,67.0,72.83188
2023-02-25 11:00:00+00:00,6.3065,24.819122,33.667217,23.962492,24.646755,44.639996,1014.2451,0.0,72.0,67.87649
2023-02-25 12:00:00+00:00,6.5565,22.59699,30.351225,22.47948,22.306253,41.399998,1014.3474,0.0,85.0,67.442955
2023-02-25 13:00:00+00:00,7.2565,25.809765,34.82895,30.1413,29.744795,42.12,1014.25464,0.0,88.0,62.455704
2023-02-25 14:00:00+00:00,7.3065,25.683926,35.565372,31.239157,31.75944,43.56,1014.15564,0.0,65.0,61.349678
2023-02-25 15:00:00+00:00,7.2565,25.49908,35.50155,30.547491,30.465475,43.199997,1014.3544,0.0,62.0,60.01919
2023-02-25 16:00:00+00:00,6.7565,25.189713,35.377213,30.963696,31.263678,42.12,1014.8479,0.0,100.0,59.676987
2023-02-25 17:00:00+00:00,6.3065,20.140705,31.614477,28.855572,30.068504,40.68,1015.5415,0.0,88.0,62.002563
2023-02-25 18:00:00+00:00,5.6064997,18.359999,31.122828,28.072395,29.827002,32.399998,1016.23224,0.0,71.0,62.744576
2023-02-25 19:00:00+00:00,5.0065,16.79314,30.154163,30.963696,33.310646,29.519999,1016.92426,0.0,40.0,64.937965
2023-02-25 20:00:00+00:00,4.2064996,14.8257065,28.467327,29.054508,32.082153,27.0,1017.4145,0.0,15.0,68.92136
2023-02-25 21:00:00+00:00,2.9065,12.074766,26.61323,26.564985,30.033205,24.119999,1017.99915,0.0,11.0,76.642555
2023-02-25 22:00:00+00:00,2.0065,10.966713,26.089447,23.198618,27.979382,19.44,1018.7873,0.0,9.0,83.20854
2023-02-25 23:00:00+00:00,1.7065,11.503113,26.427528,20.136398,24.120981,18.0,1019.0832,0.0,28.0,88.15745
2023-02-26 00:00:00+00:00,1.6565,11.966954,26.882141,15.708701,20.37652,18.72,1019.3821,0.0,26.0,90.74514
2023-02-26 01:00:00+00:00,1.3565,11.792404,26.867676,12.339083,17.949495,19.08,1019.57825,0.0,4.0,92.04768
2023-02-26 02:00:00+00:00,1.3565,12.429127,28.137632,10.007925,16.348253,19.8,1019.77765,0.0,0.0,91.71501
2023-02-26 03:00:00+00:00,1.1565,13.556282,30.173496,10.713074,17.354122,21.599998,1020.0746,0.0,80.0,91.03887
2023-02-26 04:00:00+00:00,2.2565,13.708391,28.236486,13.671325,19.359097,23.4,1020.3855,0.0,100.0,83.239876
2023-02-26 05:00:00+00:00,3.3565,15.844089,28.820242,21.31798,25.924847,24.84,1020.8956,0.0,97.0,72.36761
2023-02-26 06:00:00+00:00,3.7065,18.043148,31.67386,28.610369,31.522133,28.8,1021.4975,0.0,76.0,64.638725
2023-02-26 07:00:00+00:00,3.4065,17.974781,32.978832,32.73523,36.11944,29.16,1022.29224,0.0,46.0,63.85481
2023-02-26 08:00:00+00:00,3.6565,17.309975,29.301876,44.999897,47.489597,29.16,1023.29205,0.0,70.0,66.5646
2023-02-26 09:00:00+00:00,5.1565,20.767975,30.261421,56.309914,57.633385,37.44,1023.90576,0.0,24.0,55.863934
2023-02-26 10:00:00+00:00,6.1565,27.598173,38.093716,59.420856,59.314907,45.0,1024.5146,0.0,40.0,46.94702
2023-02-26 11:00:00+00:00,6.9065,27.238941,37.06427,60.72485,60.94549,46.079998,1024.8214,0.0,100.0,43.42727
2023-02-26 12:00:00+00:00,7.3065,21.178896,28.277763,58.201138,58.53591,45.36,1025.3243,0.0,98.0,49.070404
2023-02-26 13:00:00+00:00,7.7064996,22.768396,30.555498,55.304783,55.560955,38.519997,1025.4279,0.0,97.0,45.836594
2023-02-26 14:00:00+00:00,7.1064997,22.039528,29.96662,51.632477,51.34017,38.519997,1025.6212,0.0,99.0,49.37865
2023-02-26 15:00:00+00:00,6.8564997,21.94524,30.344818,48.99101,48.366554,36.719997,1025.7183,0.0,91.0,51.934536
2023-02-26 16:00:00+00:00,6.6064997,20.633371,29.793125,47.12111,46.468742,36.719997,1026.015,0.0,97.0,51.865093
2023-02-26 17:00:00+00:00,6.0065,15.281989,25.476198,46.90914,47.290634,33.12,1026.308,0.0,100.0,56.297024
2023-02-26 18:00:00+00:00,5.2565,13.246826,24.693481,42.797382,44.409416,24.84,1026.7988,0.0,73.0,58.214695
2023-02-26 19:00:00+00:00,4.2565,10.703569,22.915916,42.27363,43.72705,21.24,1027.1871,0.0,89.0,61.50424
2023-02-26 20:00:00+00:00,2.1065,8.714677,22.42427,38.290207,42.397392,17.28,1027.6631,0.0,56.0,70.803604
2023-02-26 21:00:00+00:00,1.7565,8.587338,22.392464,33.023872,36.50153,14.04,1027.9584,0.0,31.0,71.525635
2023-02-26 22:00:00+00:00,1.1065,9.511088,24.66197,29.475794,33.6901,15.119999,1028.151,0.0,7.0,72.74026
2023-02-26 23:00:00+00:00,0.6065,10.805998,27.257967,29.981556,33.6901,17.64,1028.1455,0.0,52.0,73.46354
2023-02-27 00:00:00+00:00,0.20650001,12.10157,28.04305,22.751022,29.197395,18.0,1028.3406,0.0,54.0,80.85755
2023-02-27 01:00:00+00:00,-0.3435,10.365251,26.576681,20.323217,28.30066,19.08,1028.3348,0.0,11.0,83.21827
2023-02-27 02:00:00+00:00,-0.4935,10.483357,26.886963,15.945477,26.221905,16.56,1028.1337,0.0,10.0,83.19926
2023-02-27 03:00:00+00:00,0.15650001,11.440978,27.748037,12.7243595,22.905807,18.0,1027.8417,0.0,68.0,79.95521
2023-02-27 04:00:00+00:00,1.0065,12.7279215,28.691795,8.130019,17.52567,20.16,1027.9504,0.0,94.0,76.322075
2023-02-27 05:00:00+00:00,1.5565,14.154915,29.869154,7.3056703,15.376317,22.68,1028.156,0.0,62.0,74.73983
2023-02-27 06:00:00+00:00,1.0065,12.864649,29.62518,17.92802,25.942251,22.68,1028.0502,0.0,0.0,77.17521
2023-02-27 07:00:00+00:00,0.3565,11.119281,27.959743,29.054508,34.50859,20.880001,1028.4421,0.0,100.0,79.09949
2023-02-27 08:00:00+00:00,2.7565,14.84318,26.564486,22.833694,26.564985,23.039999,1029.1655,0.0,100.0,69.637375
2023-02-27 09:00:00+00:00,3.6565,11.620809,30.070238,16.189287,31.787212,23.759998,1029.3749,0.0,100.0,73.48969
2023-02-27 10:00:00+00:00,4.6064997,15.575981,23.185787,33.6901,36.158287,26.28,1029.5841,0.0,100.0,78.3195
2023-02-27 11:00:00+00:00,5.8065,17.57744,23.770906,34.9921,35.134277,28.44,1029.3971,0.0,100.0,76.845604
2023-02-27 12:00:00+00:00,7.2064996,20.421871,27.333935,49.28924,49.80802,32.039997,1029.212,0.0,100.0,66.14516
2023-02-27 13:00:00+00:00,7.5065,20.240198,26.932714,51.49933,52.057793,34.92,1028.6171,0.0,100.0,60.51743
2023-02-27 14:00:00+00:00,7.6064997,20.390114,27.80403,47.862484,48.674606,34.56,1028.219,0.0,100.0,58.601868
2023-02-27 15:00:00+00:00,7.4564996,20.88,28.775238,46.39711,46.52072,34.2,1028.2174,0.0,100.0,57.718826
2023-02-27 16:00:00+00:00,7.2565,19.862083,29.024128,43.53127,43.995014,35.64,1028.0161,0.0,96.0,61.337543
2023-02-27 17:00:00+00:00,6.6565,17.057314,27.757376,45.85501,46.576496,31.68,1028.2094,0.0,100.0,64.144066
2023-02-27 18:00:00+00:00,6.0065,16.78156,28.460497,54.605125,55.304783,27.359999,1028.9008,0.0,99.0,64.92986
2023-02-27 19:00:00+00:00,5.6064997,16.78156,28.056913,54.605125,56.513805,27.359999,1029.2954,0.0,100.0,64.367905
2023-02-27 20:00:00+00:00,5.0065,17.713316,30.385365,52.431335,53.67309,28.44,1029.8877,0.0,93.0,65.414505
2023-02-27 21:00:00+00:00,4.7064996,16.323528,28.1169,48.57643,50.194473,28.8,1030.0837,0.0,100.0,65.586205
2023-02-27 22:00:00+00:00,4.5565,14.255272,25.233404,44.999897,47.89135,26.28,1030.2815,0.0,100.0,66.5199
2023-02-27 23:00:00+00:00,4.3564997,13.104198,24.248611,37.184795,40.785725,22.68,1030.2795,0.0,99.0,67.95223
2023-02-28 00:00:00+00:00,2.7565,12.879752,27.169865,26.564985,32.005356,21.24,1030.1627,0.0,81.0,80.62731
2023-02-28 01:00:00+00:00,1.7565,11.113451,26.178707,24.904745,31.504223,20.880001,1030.1521,0.0,0.0,88.48217
2023-02-28 02:00:00+00:00,1.0065,9.6932955,24.490585,15.068549,24.304548,17.64,1030.2438,0.0,5.0,91.02834
2023-02-28 03:00:00+00:00,0.8065,10.308831,25.516865,12.094739,16.389616,16.199999,1030.2418,0.0,8.0,92.68449
2023-02-28 04:00:00+00:00,0.8065,11.013882,26.208395,11.3098955,15.945477,17.28,1030.2418,0.0,8.0,94.04017
2023-02-28 05:00:00+00:00,0.7065,11.013882,26.525429,11.3098955,18.189138,18.0,1030.44,0.0,7.0,94.72035
2023-02-28 06:00:00+00:00,0.5565,10.390226,25.872454,14.036275,21.2093,17.64,1030.5381,0.0,5.0,95.05855
2023-02-28 07:00:00+00:00,0.6565,10.739833,26.758923,13.5704565,19.653913,16.56,1030.7388,0.0,1.0,94.71824
2023-02-28 08:00:00+00:00,3.0065,14.494192,28.48326,14.381432,20.72564,22.319998,1030.8635,0.0,38.0,88.91067
2023-02-28 09:00:00+00:00,5.4564996,20.808498,29.515608,30.113651,30.004833,32.760002,1030.7896,0.0,91.0,76.51401
2023-02-28 10:00:00+00:00,6.4065,21.2522,28.820242,26.130941,25.924847,36.36,1030.6001,0.0,100.0,71.39633
2023-02-28 11:00:00+00:00,6.9065,19.592731,27.682571,20.43291,20.556128,35.28,1030.2063,0.0,100.0,70.7327
2023-02-28 12:00:00+00:00,6.7565,22.380884,31.63087,11.129155,11.821464,34.56,1030.0054,0.0,100.0,74.58308
2023-02-28 13:00:00+00:00,7.4065,23.400002,32.83705,14.250073,15.255177,37.8,1029.1147,0.1,100.0,73.64873
2023-02-28 14:00:00+00:00,7.7064996,27.345785,38.64093,20.820974,21.305864,44.28,1028.1202,0.1,100.0,72.15694
2023-02-28 15:00:00+00:00,7.9065,26.564486,39.606544,26.564985,27.03079,45.719997,1027.7238,0.1,100.0,72.45022
2023-02-28 16:00:00+00:00,7.8065,24.490585,36.233246,24.304548,25.291988,42.839996,1027.523,0.0,100.0,72.17589
2023-02-28 17:00:00+00:00,7.2565,22.226902,35.259792,24.904745,26.041767,39.239998,1027.7169,0.0,100.0,72.58488
2023-02-28 18:00:00+00:00,6.7064996,21.575987,35.261623,25.709915,27.349789,36.0,1028.2097,0.0,100.0,73.78326
2023-02-28 19:00:00+00:00,6.1565,20.380579,33.626774,35.655422,37.606056,34.92,1028.5034,0.0,100.0,77.4514
2023-02-28 20:00:00+00:00,6.0565,20.929594,33.61714,40.814987,43.26433,33.48,1028.9014,0.0,100.0,78.26519
2023-02-28 21:00:00+00:00,5.6064997,18.289274,29.5551,53.8067,55.922764,33.48,1029.1957,0.1,100.0,81.893295
2023-02-28 22:00:00+00:00,4.7064996,13.339445,21.611998,86.906006,88.09089,29.16,1029.984,0.3,100.0,86.566025
2023-02-28 23:00:00+00:00,4.2565,9.746631,16.23596,85.76369,86.186005,21.24,1030.079,0.0,100.0,81.129425
