timestamp,value,timeseries_id,station_name,pollutant_name,pollutant_std,latitude,longitude
2025-08-01 00:00:00,0.351,2700,London Marylebone Road,i-Hexane,i-Hexane,51.52253,-0.1546109999949009
2025-08-01 01:00:00,0.191,2700,London Marylebone Road,i-Hexane,i-Hexane,51.52253,-0.1546109999949009
2025-08-01 02:00:00,0.141,2700,London Marylebone Road,i-Hexane,i-Hexane,51.52253,-0.1546109999949009
2025-08-01 03:00:00,0.112,2700,London Marylebone Road,i-Hexane,i-Hexane,51.52253,-0.1546109999949009
2025-08-01 04:00:00,0.289,2700,London Marylebone Road,i-Hexane,i-Hexane,51.52253,-0.1546109999949009
2025-08-01 05:00:00,0.315,2700,London Marylebone Road,i-Hexane,i-Hexane,51.52253,-0.1546109999949009
2025-08-01 06:00:00,0.401,2700,London Marylebone Road,i-Hexane,i-Hexane,51.52253,-0.1546109999949009
2025-08-01 07:00:00,0.269,2700,London Marylebone Road,i-Hexane,i-Hexane,51.52253,-0.1546109999949009
2025-08-01 08:00:00,0.243,2700,London Marylebone Road,i-Hexane,i-Hexane,51.52253,-0.1546109999949009
2025-08-01 09:00:00,0.281,2700,London Marylebone Road,i-Hexane,i-Hexane,51.52253,-0.1546109999949009
2025-08-01 10:00:00,0.248,2700,London Marylebone Road,i-Hexane,i-Hexane,51.52253,-0.1546109999949009
2025-08-01 11:00:00,0.262,2700,London Marylebone Road,i-Hexane,i-Hexane,51.52253,-0.1546109999949009
2025-08-01 12:00:00,0.237,2700,London Marylebone Road,i-Hexane,i-Hexane,51.52253,-0.1546109999949009
2025-08-01 13:00:00,0.216,2700,London Marylebone Road,i-Hexane,i-Hexane,51.52253,-0.1546109999949009
2025-08-01 14:00:00,0.195,2700,London Marylebone Road,i-Hexane,i-Hexane,51.52253,-0.1546109999949009
2025-08-01 15:00:00,0.185,2700,London Marylebone Road,i-Hexane,i-Hexane,51.52253,-0.1546109999949009
2025-08-01 16:00:00,0.382,2700,London Marylebone Road,i-Hexane,i-Hexane,51.52253,-0.1546109999949009
2025-08-01 17:00:00,0.319,2700,London Marylebone Road,i-Hexane,i-Hexane,51.52253,-0.1546109999949009
2025-08-01 18:00:00,0.218,2700,London Marylebone Road,i-Hexane,i-Hexane,51.52253,-0.1546109999949009
2025-08-01 19:00:00,0.296,2700,London Marylebone Road,i-Hexane,i-Hexane,51.52253,-0.1546109999949009
2025-08-01 20:00:00,0.303,2700,London Marylebone Road,i-Hexane,i-Hexane,51.52253,-0.1546109999949009
2025-08-01 21:00:00,0.291,2700,London Marylebone Road,i-Hexane,i-Hexane,51.52253,-0.1546109999949009
2025-08-01 22:00:00,0.364,2700,London Marylebone Road,i-Hexane,i-Hexane,51.52253,-0.1546109999949009
2025-08-01 23:00:00,0.178,2700,London Marylebone Road,i-Hexane,i-Hexane,51.52253,-0.1546109999949009
2025-08-02 00:00:00,0.307,2700,London Marylebone Road,i-Hexane,i-Hexane,51.52253,-0.1546109999949009
2025-08-02 01:00:00,0.366,2700,London Marylebone Road,i-Hexane,i-Hexane,51.52253,-0.1546109999949009
2025-08-02 02:00:00,0.314,2700,London Marylebone Road,i-Hexane,i-Hexane,51.52253,-0.1546109999949009
2025-08-02 03:00:00,0.374,2700,London Marylebone Road,i-Hexane,i-Hexane,51.52253,-0.1546109999949009
2025-08-02 04:00:00,0.358,2700,London Marylebone Road,i-Hexane,i-Hexane,51.52253,-0.1546109999949009
2025-08-02 05:00:00,0.225,2700,London Marylebone Road,i-Hexane,i-Hexane,51.52253,-0.1546109999949009
2025-08-02 06:00:00,0.337,2700,London Marylebone Road,i-Hexane,i-Hexane,51.52253,-0.1546109999949009
2025-08-02 07:00:00,0.299,2700,London Marylebone Road,i-Hexane,i-Hexane,51.52253,-0.1546109999949009
2025-08-02 08:00:00,0.223,2700,London Marylebone Road,i-Hexane,i-Hexane,51.52253,-0.1546109999949009
2025-08-02 09:00:00,0.198,2700,London Marylebone Road,i-Hexane,i-Hexane,51.52253,-0.1546109999949009
2025-08-02 10:00:00,0.235,2700,London Marylebone Road,i-Hexane,i-Hexane,51.52253,-0.1546109999949009
2025-08-02 11:00:00,0.174,2700,London Marylebone Road,i-Hexane,i-Hexane,51.52253,-0.1546109999949009
2025-08-02 12:00:00,0.431,2700,London Marylebone Road,i-Hexane,i-Hexane,51.52253,-0.1546109999949009
2025-08-02 13:00:00,0.279,2700,London Marylebone Road,i-Hexane,i-Hexane,51.52253,-0.1546109999949009
2025-08-02 14:00:00,0.241,2700,London Marylebone Road,i-Hexane,i-Hexane,51.52253,-0.1546109999949009
2025-08-02 15:00:00,0.447,2700,London Marylebone Road,i-Hexane,i-Hexane,51.52253,-0.1546109999949009
2025-08-02 16:00:00,0.194,2700,London Marylebone Road,i-Hexane,i-Hexane,51.52253,-0.1546109999949009
2025-08-02 17:00:00,0.273,2700,London Marylebone Road,i-Hexane,i-Hexane,51.52253,-0.1546109999949009
2025-08-02 18:00:00,0.236,2700,London Marylebone Road,i-Hexane,i-Hexane,51.52253,-0.1546109999949009
2025-08-02 19:00:00,0.535,2700,London Marylebone Road,i-Hexane,i-Hexane,51.52253,-0.1546109999949009
2025-08-02 20:00:00,0.68,2700,London Marylebone Road,i-Hexane,i-Hexane,51.52253,-0.1546109999949009
2025-08-02 21:00:00,0.775,2700,London Marylebone Road,i-Hexane,i-Hexane,51.52253,-0.1546109999949009
2025-08-02 22:00:00,0.481,2700,London Marylebone Road,i-Hexane,i-Hexane,51.52253,-0.1546109999949009
2025-08-02 23:00:00,0.569,2700,London Marylebone Road,i-Hexane,i-Hexane,51.52253,-0.1546109999949009
2025-08-03 00:00:00,0.633,2700,London Marylebone Road,i-Hexane,i-Hexane,51.52253,-0.1546109999949009
2025-08-03 01:00:00,0.577,2700,London Marylebone Road,i-Hexane,i-Hexane,51.52253,-0.1546109999949009
2025-08-03 02:00:00,0.55,2700,London Marylebone Road,i-Hexane,i-Hexane,51.52253,-0.1546109999949009
2025-08-03 03:00:00,0.702,2700,London Marylebone Road,i-Hexane,i-Hexane,51.52253,-0.1546109999949009
2025-08-03 04:00:00,0.518,2700,London Marylebone Road,i-Hexane,i-Hexane,51.52253,-0.1546109999949009
2025-08-03 05:00:00,0.532,2700,London Marylebone Road,i-Hexane,i-Hexane,51.52253,-0.1546109999949009
2025-08-03 06:00:00,0.564,2700,London Marylebone Road,i-Hexane,i-Hexane,51.52253,-0.1546109999949009
2025-08-03 07:00:00,0.562,2700,London Marylebone Road,i-Hexane,i-Hexane,51.52253,-0.1546109999949009
2025-08-03 08:00:00,0.75,2700,London Marylebone Road,i-Hexane,i-Hexane,51.52253,-0.1546109999949009
2025-08-03 09:00:00,0.492,2700,London Marylebone Road,i-Hexane,i-Hexane,51.52253,-0.1546109999949009
2025-08-03 10:00:00,0.613,2700,London Marylebone Road,i-Hexane,i-Hexane,51.52253,-0.1546109999949009
2025-08-03 11:00:00,0.407,2700,London Marylebone Road,i-Hexane,i-Hexane,51.52253,-0.1546109999949009
2025-08-03 12:00:00,0.581,2700,London Marylebone Road,i-Hexane,i-Hexane,51.52253,-0.1546109999949009
2025-08-03 13:00:00,0.416,2700,London Marylebone Road,i-Hexane,i-Hexane,51.52253,-0.1546109999949009
2025-08-03 14:00:00,0.549,2700,London Marylebone Road,i-Hexane,i-Hexane,51.52253,-0.1546109999949009
2025-08-03 15:00:00,0.91,2700,London Marylebone Road,i-Hexane,i-Hexane,51.52253,-0.1546109999949009
2025-08-03 16:00:00,0.438,2700,London Marylebone Road,i-Hexane,i-Hexane,51.52253,-0.1546109999949009
2025-08-03 17:00:00,1.053,2700,London Marylebone Road,i-Hexane,i-Hexane,51.52253,-0.1546109999949009
2025-08-03 18:00:00,0.804,2700,London Marylebone Road,i-Hexane,i-Hexane,51.52253,-0.1546109999949009
2025-08-03 19:00:00,0.49,2700,London Marylebone Road,i-Hexane,i-Hexane,51.52253,-0.1546109999949009
2025-08-03 20:00:00,0.417,2700,London Marylebone Road,i-Hexane,i-Hexane,51.52253,-0.1546109999949009
2025-08-03 21:00:00,0.689,2700,London Marylebone Road,i-Hexane,i-Hexane,51.52253,-0.1546109999949009
2025-08-03 22:00:00,0.631,2700,London Marylebone Road,i-Hexane,i-Hexane,51.52253,-0.1546109999949009
2025-08-03 23:00:00,0.316,2700,London Marylebone Road,i-Hexane,i-Hexane,51.52253,-0.1546109999949009
2025-08-04 00:00:00,0.237,2700,London Marylebone Road,i-Hexane,i-Hexane,51.52253,-0.1546109999949009
2025-08-04 01:00:00,0.433,2700,London Marylebone Road,i-Hexane,i-Hexane,51.52253,-0.1546109999949009
2025-08-04 02:00:00,0.559,2700,London Marylebone Road,i-Hexane,i-Hexane,51.52253,-0.1546109999949009
2025-08-04 03:00:00,0.308,2700,London Marylebone Road,i-Hexane,i-Hexane,51.52253,-0.1546109999949009
2025-08-04 04:00:00,0.334,2700,London Marylebone Road,i-Hexane,i-Hexane,51.52253,-0.1546109999949009
2025-08-04 05:00:00,0.535,2700,London Marylebone Road,i-Hexane,i-Hexane,51.52253,-0.1546109999949009
2025-08-04 06:00:00,0.538,2700,London Marylebone Road,i-Hexane,i-Hexane,51.52253,-0.1546109999949009
2025-08-04 07:00:00,0.532,2700,London Marylebone Road,i-Hexane,i-Hexane,51.52253,-0.1546109999949009
2025-08-04 08:00:00,0.519,2700,London Marylebone Road,i-Hexane,i-Hexane,51.52253,-0.1546109999949009
2025-08-04 09:00:00,0.431,2700,London Marylebone Road,i-Hexane,i-Hexane,51.52253,-0.1546109999949009
2025-08-04 10:00:00,0.691,2700,London Marylebone Road,i-Hexane,i-Hexane,51.52253,-0.1546109999949009
2025-08-04 11:00:00,0.881,2700,London Marylebone Road,i-Hexane,i-Hexane,51.52253,-0.1546109999949009
2025-08-04 12:00:00,0.441,2700,London Marylebone Road,i-Hexane,i-Hexane,51.52253,-0.1546109999949009
2025-08-04 13:00:00,0.487,2700,London Marylebone Road,i-Hexane,i-Hexane,51.52253,-0.1546109999949009
2025-08-04 14:00:00,0.553,2700,London Marylebone Road,i-Hexane,i-Hexane,51.52253,-0.1546109999949009
2025-08-04 15:00:00,0.576,2700,London Marylebone Road,i-Hexane,i-Hexane,51.52253,-0.1546109999949009
2025-08-04 16:00:00,0.813,2700,London Marylebone Road,i-Hexane,i-Hexane,51.52253,-0.1546109999949009
2025-08-04 17:00:00,0.595,2700,London Marylebone Road,i-Hexane,i-Hexane,51.52253,-0.1546109999949009
2025-08-04 18:00:00,0.639,2700,London Marylebone Road,i-Hexane,i-Hexane,51.52253,-0.1546109999949009
2025-08-04 19:00:00,0.261,2700,London Marylebone Road,i-Hexane,i-Hexane,51.52253,-0.1546109999949009
2025-08-04 20:00:00,,2700,London Marylebone Road,i-Hexane,i-Hexane,51.52253,-0.1546109999949009
2025-08-04 21:00:00,,2700,London Marylebone Road,i-Hexane,i-Hexane,51.52253,-0.1546109999949009
2025-08-04 22:00:00,,2700,London Marylebone Road,i-Hexane,i-Hexane,51.52253,-0.1546109999949009
2025-08-04 23:00:00,,2700,London Marylebone Road,i-Hexane,i-Hexane,51.52253,-0.1546109999949009
2025-08-05 00:00:00,,2700,London Marylebone Road,i-Hexane,i-Hexane,51.52253,-0.1546109999949009
2025-08-05 01:00:00,0.2,2700,London Marylebone Road,i-Hexane,i-Hexane,51.52253,-0.1546109999949009
2025-08-05 02:00:00,0.202,2700,London Marylebone Road,i-Hexane,i-Hexane,51.52253,-0.1546109999949009
2025-08-05 03:00:00,0.167,2700,London Marylebone Road,i-Hexane,i-Hexane,51.52253,-0.1546109999949009
2025-08-05 04:00:00,0.294,2700,London Marylebone Road,i-Hexane,i-Hexane,51.52253,-0.1546109999949009
2025-08-05 05:00:00,0.507,2700,London Marylebone Road,i-Hexane,i-Hexane,51.52253,-0.1546109999949009
2025-08-05 06:00:00,0.464,2700,London Marylebone Road,i-Hexane,i-Hexane,51.52253,-0.1546109999949009
2025-08-05 07:00:00,0.457,2700,London Marylebone Road,i-Hexane,i-Hexane,51.52253,-0.1546109999949009
2025-08-05 08:00:00,0.218,2700,London Marylebone Road,i-Hexane,i-Hexane,51.52253,-0.1546109999949009
2025-08-05 09:00:00,0.188,2700,London Marylebone Road,i-Hexane,i-Hexane,51.52253,-0.1546109999949009
2025-08-05 10:00:00,0.192,2700,London Marylebone Road,i-Hexane,i-Hexane,51.52253,-0.1546109999949009
2025-08-05 11:00:00,0.249,2700,London Marylebone Road,i-Hexane,i-Hexane,51.52253,-0.1546109999949009
2025-08-05 12:00:00,0.361,2700,London Marylebone Road,i-Hexane,i-Hexane,51.52253,-0.1546109999949009
2025-08-05 13:00:00,0.222,2700,London Marylebone Road,i-Hexane,i-Hexane,51.52253,-0.1546109999949009
2025-08-05 14:00:00,0.441,2700,London Marylebone Road,i-Hexane,i-Hexane,51.52253,-0.1546109999949009
2025-08-05 15:00:00,0.253,2700,London Marylebone Road,i-Hexane,i-Hexane,51.52253,-0.1546109999949009
2025-08-05 16:00:00,0.438,2700,London Marylebone Road,i-Hexane,i-Hexane,51.52253,-0.1546109999949009
2025-08-05 17:00:00,0.252,2700,London Marylebone Road,i-Hexane,i-Hexane,51.52253,-0.1546109999949009
2025-08-05 18:00:00,0.397,2700,London Marylebone Road,i-Hexane,i-Hexane,51.52253,-0.1546109999949009
2025-08-05 19:00:00,0.261,2700,London Marylebone Road,i-Hexane,i-Hexane,51.52253,-0.1546109999949009
2025-08-05 20:00:00,0.305,2700,London Marylebone Road,i-Hexane,i-Hexane,51.52253,-0.1546109999949009
2025-08-05 21:00:00,0.364,2700,London Marylebone Road,i-Hexane,i-Hexane,51.52253,-0.1546109999949009
2025-08-05 22:00:00,0.272,2700,London Marylebone Road,i-Hexane,i-Hexane,51.52253,-0.1546109999949009
2025-08-05 23:00:00,0.251,2700,London Marylebone Road,i-Hexane,i-Hexane,51.52253,-0.1546109999949009
2025-08-06 00:00:00,0.219,2700,London Marylebone Road,i-Hexane,i-Hexane,51.52253,-0.1546109999949009
2025-08-06 01:00:00,0.345,2700,London Marylebone Road,i-Hexane,i-Hexane,51.52253,-0.1546109999949009
2025-08-06 02:00:00,0.349,2700,London Marylebone Road,i-Hexane,i-Hexane,51.52253,-0.1546109999949009
2025-08-06 03:00:00,0.619,2700,London Marylebone Road,i-Hexane,i-Hexane,51.52253,-0.1546109999949009
2025-08-06 04:00:00,0.514,2700,London Marylebone Road,i-Hexane,i-Hexane,51.52253,-0.1546109999949009
2025-08-06 05:00:00,0.733,2700,London Marylebone Road,i-Hexane,i-Hexane,51.52253,-0.1546109999949009
2025-08-06 06:00:00,1.329,2700,London Marylebone Road,i-Hexane,i-Hexane,51.52253,-0.1546109999949009
2025-08-06 07:00:00,0.781,2700,London Marylebone Road,i-Hexane,i-Hexane,51.52253,-0.1546109999949009
2025-08-06 08:00:00,0.891,2700,London Marylebone Road,i-Hexane,i-Hexane,51.52253,-0.1546109999949009
2025-08-06 09:00:00,0.544,2700,London Marylebone Road,i-Hexane,i-Hexane,51.52253,-0.1546109999949009
2025-08-06 10:00:00,0.573,2700,London Marylebone Road,i-Hexane,i-Hexane,51.52253,-0.1546109999949009
2025-08-06 11:00:00,0.611,2700,London Marylebone Road,i-Hexane,i-Hexane,51.52253,-0.1546109999949009
2025-08-06 12:00:00,0.424,2700,London Marylebone Road,i-Hexane,i-Hexane,51.52253,-0.1546109999949009
2025-08-06 13:00:00,0.521,2700,London Marylebone Road,i-Hexane,i-Hexane,51.52253,-0.1546109999949009
2025-08-06 14:00:00,0.879,2700,London Marylebone Road,i-Hexane,i-Hexane,51.52253,-0.1546109999949009
2025-08-06 15:00:00,0.792,2700,London Marylebone Road,i-Hexane,i-Hexane,51.52253,-0.1546109999949009
2025-08-06 16:00:00,0.959,2700,London Marylebone Road,i-Hexane,i-Hexane,51.52253,-0.1546109999949009
2025-08-06 17:00:00,0.865,2700,London Marylebone Road,i-Hexane,i-Hexane,51.52253,-0.1546109999949009
2025-08-06 18:00:00,0.524,2700,London Marylebone Road,i-Hexane,i-Hexane,51.52253,-0.1546109999949009
2025-08-06 19:00:00,0.538,2700,London Marylebone Road,i-Hexane,i-Hexane,51.52253,-0.1546109999949009
2025-08-06 20:00:00,18.805,2700,London Marylebone Road,i-Hexane,i-Hexane,51.52253,-0.1546109999949009
2025-08-06 21:00:00,3.165,2700,London Marylebone Road,i-Hexane,i-Hexane,51.52253,-0.1546109999949009
2025-08-06 22:00:00,0.67,2700,London Marylebone Road,i-Hexane,i-Hexane,51.52253,-0.1546109999949009
2025-08-06 23:00:00,0.407,2700,London Marylebone Road,i-Hexane,i-Hexane,51.52253,-0.1546109999949009
2025-08-07 00:00:00,0.378,2700,London Marylebone Road,i-Hexane,i-Hexane,51.52253,-0.1546109999949009
2025-08-07 01:00:00,0.292,2700,London Marylebone Road,i-Hexane,i-Hexane,51.52253,-0.1546109999949009
2025-08-07 02:00:00,0.287,2700,London Marylebone Road,i-Hexane,i-Hexane,51.52253,-0.1546109999949009
2025-08-07 03:00:00,0.297,2700,London Marylebone Road,i-Hexane,i-Hexane,51.52253,-0.1546109999949009
2025-08-07 04:00:00,0.319,2700,London Marylebone Road,i-Hexane,i-Hexane,51.52253,-0.1546109999949009
2025-08-07 05:00:00,0.52,2700,London Marylebone Road,i-Hexane,i-Hexane,51.52253,-0.1546109999949009
2025-08-07 06:00:00,0.499,2700,London Marylebone Road,i-Hexane,i-Hexane,51.52253,-0.1546109999949009
2025-08-07 07:00:00,0.537,2700,London Marylebone Road,i-Hexane,i-Hexane,51.52253,-0.1546109999949009
2025-08-07 08:00:00,0.637,2700,London Marylebone Road,i-Hexane,i-Hexane,51.52253,-0.1546109999949009
2025-08-07 09:00:00,0.573,2700,London Marylebone Road,i-Hexane,i-Hexane,51.52253,-0.1546109999949009
2025-08-07 10:00:00,0.523,2700,London Marylebone Road,i-Hexane,i-Hexane,51.52253,-0.1546109999949009
2025-08-07 11:00:00,0.435,2700,London Marylebone Road,i-Hexane,i-Hexane,51.52253,-0.1546109999949009
2025-08-07 12:00:00,0.611,2700,London Marylebone Road,i-Hexane,i-Hexane,51.52253,-0.1546109999949009
2025-08-07 13:00:00,0.409,2700,London Marylebone Road,i-Hexane,i-Hexane,51.52253,-0.1546109999949009
2025-08-07 14:00:00,0.496,2700,London Marylebone Road,i-Hexane,i-Hexane,51.52253,-0.1546109999949009
2025-08-07 15:00:00,1.101,2700,London Marylebone Road,i-Hexane,i-Hexane,51.52253,-0.1546109999949009
2025-08-07 16:00:00,0.875,2700,London Marylebone Road,i-Hexane,i-Hexane,51.52253,-0.1546109999949009
2025-08-07 17:00:00,0.738,2700,London Marylebone Road,i-Hexane,i-Hexane,51.52253,-0.1546109999949009
2025-08-07 18:00:00,0.671,2700,London Marylebone Road,i-Hexane,i-Hexane,51.52253,-0.1546109999949009
2025-08-07 19:00:00,0.528,2700,London Marylebone Road,i-Hexane,i-Hexane,51.52253,-0.1546109999949009
2025-08-07 20:00:00,0.552,2700,London Marylebone Road,i-Hexane,i-Hexane,51.52253,-0.1546109999949009
2025-08-07 21:00:00,0.525,2700,London Marylebone Road,i-Hexane,i-Hexane,51.52253,-0.1546109999949009
2025-08-07 22:00:00,0.467,2700,London Marylebone Road,i-Hexane,i-Hexane,51.52253,-0.1546109999949009
2025-08-07 23:00:00,0.327,2700,London Marylebone Road,i-Hexane,i-Hexane,51.52253,-0.1546109999949009
2025-08-08 00:00:00,0.214,2700,London Marylebone Road,i-Hexane,i-Hexane,51.52253,-0.1546109999949009
2025-08-08 01:00:00,0.282,2700,London Marylebone Road,i-Hexane,i-Hexane,51.52253,-0.1546109999949009
2025-08-08 02:00:00,0.326,2700,London Marylebone Road,i-Hexane,i-Hexane,51.52253,-0.1546109999949009
2025-08-08 03:00:00,0.304,2700,London Marylebone Road,i-Hexane,i-Hexane,51.52253,-0.1546109999949009
2025-08-08 04:00:00,0.457,2700,London Marylebone Road,i-Hexane,i-Hexane,51.52253,-0.1546109999949009
2025-08-08 05:00:00,0.495,2700,London Marylebone Road,i-Hexane,i-Hexane,51.52253,-0.1546109999949009
2025-08-08 06:00:00,0.679,2700,London Marylebone Road,i-Hexane,i-Hexane,51.52253,-0.1546109999949009
2025-08-08 07:00:00,0.361,2700,London Marylebone Road,i-Hexane,i-Hexane,51.52253,-0.1546109999949009
2025-08-08 08:00:00,0.454,2700,London Marylebone Road,i-Hexane,i-Hexane,51.52253,-0.1546109999949009
2025-08-08 09:00:00,0.411,2700,London Marylebone Road,i-Hexane,i-Hexane,51.52253,-0.1546109999949009
2025-08-08 10:00:00,0.586,2700,London Marylebone Road,i-Hexane,i-Hexane,51.52253,-0.1546109999949009
2025-08-08 11:00:00,0.513,2700,London Marylebone Road,i-Hexane,i-Hexane,51.52253,-0.1546109999949009
2025-08-08 12:00:00,0.574,2700,London Marylebone Road,i-Hexane,i-Hexane,51.52253,-0.1546109999949009
2025-08-08 13:00:00,0.504,2700,London Marylebone Road,i-Hexane,i-Hexane,51.52253,-0.1546109999949009
2025-08-08 14:00:00,0.799,2700,London Marylebone Road,i-Hexane,i-Hexane,51.52253,-0.1546109999949009
2025-08-08 15:00:00,1.085,2700,London Marylebone Road,i-Hexane,i-Hexane,51.52253,-0.1546109999949009
2025-08-08 16:00:00,1.231,2700,London Marylebone Road,i-Hexane,i-Hexane,51.52253,-0.1546109999949009
2025-08-08 17:00:00,1.117,2700,London Marylebone Road,i-Hexane,i-Hexane,51.52253,-0.1546109999949009
2025-08-08 18:00:00,0.485,2700,London Marylebone Road,i-Hexane,i-Hexane,51.52253,-0.1546109999949009
2025-08-08 19:00:00,0.837,2700,London Marylebone Road,i-Hexane,i-Hexane,51.52253,-0.1546109999949009
2025-08-08 20:00:00,0.641,2700,London Marylebone Road,i-Hexane,i-Hexane,51.52253,-0.1546109999949009
2025-08-08 21:00:00,1.093,2700,London Marylebone Road,i-Hexane,i-Hexane,51.52253,-0.1546109999949009
2025-08-08 22:00:00,1.094,2700,London Marylebone Road,i-Hexane,i-Hexane,51.52253,-0.1546109999949009
2025-08-08 23:00:00,0.647,2700,London Marylebone Road,i-Hexane,i-Hexane,51.52253,-0.1546109999949009
2025-08-09 00:00:00,0.435,2700,London Marylebone Road,i-Hexane,i-Hexane,51.52253,-0.1546109999949009
2025-08-09 01:00:00,0.399,2700,London Marylebone Road,i-Hexane,i-Hexane,51.52253,-0.1546109999949009
2025-08-09 02:00:00,0.345,2700,London Marylebone Road,i-Hexane,i-Hexane,51.52253,-0.1546109999949009
2025-08-09 03:00:00,0.429,2700,London Marylebone Road,i-Hexane,i-Hexane,51.52253,-0.1546109999949009
2025-08-09 04:00:00,0.422,2700,London Marylebone Road,i-Hexane,i-Hexane,51.52253,-0.1546109999949009
2025-08-09 05:00:00,0.467,2700,London Marylebone Road,i-Hexane,i-Hexane,51.52253,-0.1546109999949009
2025-08-09 06:00:00,0.383,2700,London Marylebone Road,i-Hexane,i-Hexane,51.52253,-0.1546109999949009
2025-08-09 07:00:00,0.557,2700,London Marylebone Road,i-Hexane,i-Hexane,51.52253,-0.1546109999949009
2025-08-09 08:00:00,0.466,2700,London Marylebone Road,i-Hexane,i-Hexane,51.52253,-0.1546109999949009
2025-08-09 09:00:00,0.595,2700,London Marylebone Road,i-Hexane,i-Hexane,51.52253,-0.1546109999949009
2025-08-09 10:00:00,0.431,2700,London Marylebone Road,i-Hexane,i-Hexane,51.52253,-0.1546109999949009
2025-08-09 11:00:00,0.329,2700,London Marylebone Road,i-Hexane,i-Hexane,51.52253,-0.1546109999949009
2025-08-09 12:00:00,0.508,2700,London Marylebone Road,i-Hexane,i-Hexane,51.52253,-0.1546109999949009
2025-08-09 13:00:00,0.525,2700,London Marylebone Road,i-Hexane,i-Hexane,51.52253,-0.1546109999949009
2025-08-09 14:00:00,0.953,2700,London Marylebone Road,i-Hexane,i-Hexane,51.52253,-0.1546109999949009
2025-08-09 15:00:00,0.365,2700,London Marylebone Road,i-Hexane,i-Hexane,51.52253,-0.1546109999949009
2025-08-09 16:00:00,0.478,2700,London Marylebone Road,i-Hexane,i-Hexane,51.52253,-0.1546109999949009
2025-08-09 17:00:00,0.491,2700,London Marylebone Road,i-Hexane,i-Hexane,51.52253,-0.1546109999949009
2025-08-09 18:00:00,0.337,2700,London Marylebone Road,i-Hexane,i-Hexane,51.52253,-0.1546109999949009
2025-08-09 19:00:00,0.753,2700,London Marylebone Road,i-Hexane,i-Hexane,51.52253,-0.1546109999949009
2025-08-09 20:00:00,0.471,2700,London Marylebone Road,i-Hexane,i-Hexane,51.52253,-0.1546109999949009
2025-08-09 21:00:00,0.493,2700,London Marylebone Road,i-Hexane,i-Hexane,51.52253,-0.1546109999949009
2025-08-09 22:00:00,0.388,2700,London Marylebone Road,i-Hexane,i-Hexane,51.52253,-0.1546109999949009
2025-08-09 23:00:00,0.561,2700,London Marylebone Road,i-Hexane,i-Hexane,51.52253,-0.1546109999949009
2025-08-10 00:00:00,0.449,2700,London Marylebone Road,i-Hexane,i-Hexane,51.52253,-0.1546109999949009
2025-08-10 01:00:00,0.499,2700,London Marylebone Road,i-Hexane,i-Hexane,51.52253,-0.1546109999949009
2025-08-10 02:00:00,0.513,2700,London Marylebone Road,i-Hexane,i-Hexane,51.52253,-0.1546109999949009
2025-08-10 03:00:00,0.491,2700,London Marylebone Road,i-Hexane,i-Hexane,51.52253,-0.1546109999949009
2025-08-10 04:00:00,0.763,2700,London Marylebone Road,i-Hexane,i-Hexane,51.52253,-0.1546109999949009
2025-08-10 05:00:00,0.591,2700,London Marylebone Road,i-Hexane,i-Hexane,51.52253,-0.1546109999949009
2025-08-10 06:00:00,0.969,2700,London Marylebone Road,i-Hexane,i-Hexane,51.52253,-0.1546109999949009
2025-08-10 07:00:00,0.453,2700,London Marylebone Road,i-Hexane,i-Hexane,51.52253,-0.1546109999949009
2025-08-10 08:00:00,0.545,2700,London Marylebone Road,i-Hexane,i-Hexane,51.52253,-0.1546109999949009
2025-08-10 09:00:00,0.411,2700,London Marylebone Road,i-Hexane,i-Hexane,51.52253,-0.1546109999949009
2025-08-10 10:00:00,0.313,2700,London Marylebone Road,i-Hexane,i-Hexane,51.52253,-0.1546109999949009
2025-08-10 11:00:00,0.44,2700,London Marylebone Road,i-Hexane,i-Hexane,51.52253,-0.1546109999949009
2025-08-10 12:00:00,0.34,2700,London Marylebone Road,i-Hexane,i-Hexane,51.52253,-0.1546109999949009
2025-08-10 13:00:00,0.55,2700,London Marylebone Road,i-Hexane,i-Hexane,51.52253,-0.1546109999949009
2025-08-10 14:00:00,0.477,2700,London Marylebone Road,i-Hexane,i-Hexane,51.52253,-0.1546109999949009
2025-08-10 15:00:00,0.694,2700,London Marylebone Road,i-Hexane,i-Hexane,51.52253,-0.1546109999949009
2025-08-10 16:00:00,0.756,2700,London Marylebone Road,i-Hexane,i-Hexane,51.52253,-0.1546109999949009
2025-08-10 17:00:00,0.626,2700,London Marylebone Road,i-Hexane,i-Hexane,51.52253,-0.1546109999949009
2025-08-10 18:00:00,0.809,2700,London Marylebone Road,i-Hexane,i-Hexane,51.52253,-0.1546109999949009
2025-08-10 19:00:00,0.515,2700,London Marylebone Road,i-Hexane,i-Hexane,51.52253,-0.1546109999949009
2025-08-10 20:00:00,0.41,2700,London Marylebone Road,i-Hexane,i-Hexane,51.52253,-0.1546109999949009
2025-08-10 21:00:00,0.529,2700,London Marylebone Road,i-Hexane,i-Hexane,51.52253,-0.1546109999949009
2025-08-10 22:00:00,0.564,2700,London Marylebone Road,i-Hexane,i-Hexane,51.52253,-0.1546109999949009
2025-08-10 23:00:00,0.585,2700,London Marylebone Road,i-Hexane,i-Hexane,51.52253,-0.1546109999949009
2025-08-11 00:00:00,0.568,2700,London Marylebone Road,i-Hexane,i-Hexane,51.52253,-0.1546109999949009
2025-08-11 01:00:00,0.597,2700,London Marylebone Road,i-Hexane,i-Hexane,51.52253,-0.1546109999949009
2025-08-11 02:00:00,0.623,2700,London Marylebone Road,i-Hexane,i-Hexane,51.52253,-0.1546109999949009
2025-08-11 03:00:00,0.84,2700,London Marylebone Road,i-Hexane,i-Hexane,51.52253,-0.1546109999949009
2025-08-11 04:00:00,0.848,2700,London Marylebone Road,i-Hexane,i-Hexane,51.52253,-0.1546109999949009
2025-08-11 05:00:00,0.82,2700,London Marylebone Road,i-Hexane,i-Hexane,51.52253,-0.1546109999949009
2025-08-11 06:00:00,0.695,2700,London Marylebone Road,i-Hexane,i-Hexane,51.52253,-0.1546109999949009
2025-08-11 07:00:00,0.552,2700,London Marylebone Road,i-Hexane,i-Hexane,51.52253,-0.1546109999949009
2025-08-11 08:00:00,0.512,2700,London Marylebone Road,i-Hexane,i-Hexane,51.52253,-0.1546109999949009
2025-08-11 09:00:00,0.666,2700,London Marylebone Road,i-Hexane,i-Hexane,51.52253,-0.1546109999949009
2025-08-11 10:00:00,1.343,2700,London Marylebone Road,i-Hexane,i-Hexane,51.52253,-0.1546109999949009
2025-08-11 11:00:00,1.286,2700,London Marylebone Road,i-Hexane,i-Hexane,51.52253,-0.1546109999949009
2025-08-11 12:00:00,1.033,2700,London Marylebone Road,i-Hexane,i-Hexane,51.52253,-0.1546109999949009
2025-08-11 13:00:00,0.568,2700,London Marylebone Road,i-Hexane,i-Hexane,51.52253,-0.1546109999949009
2025-08-11 14:00:00,0.922,2700,London Marylebone Road,i-Hexane,i-Hexane,51.52253,-0.1546109999949009
2025-08-11 15:00:00,5.522,2700,London Marylebone Road,i-Hexane,i-Hexane,51.52253,-0.1546109999949009
2025-08-11 16:00:00,0.879,2700,London Marylebone Road,i-Hexane,i-Hexane,51.52253,-0.1546109999949009
2025-08-11 17:00:00,1.341,2700,London Marylebone Road,i-Hexane,i-Hexane,51.52253,-0.1546109999949009
2025-08-11 18:00:00,0.925,2700,London Marylebone Road,i-Hexane,i-Hexane,51.52253,-0.1546109999949009
2025-08-11 19:00:00,0.492,2700,London Marylebone Road,i-Hexane,i-Hexane,51.52253,-0.1546109999949009
2025-08-11 20:00:00,,2700,London Marylebone Road,i-Hexane,i-Hexane,51.52253,-0.1546109999949009
2025-08-11 21:00:00,,2700,London Marylebone Road,i-Hexane,i-Hexane,51.52253,-0.1546109999949009
2025-08-11 22:00:00,,2700,London Marylebone Road,i-Hexane,i-Hexane,51.52253,-0.1546109999949009
2025-08-11 23:00:00,,2700,London Marylebone Road,i-Hexane,i-Hexane,51.52253,-0.1546109999949009
2025-08-12 00:00:00,,2700,London Marylebone Road,i-Hexane,i-Hexane,51.52253,-0.1546109999949009
2025-08-12 01:00:00,0.99,2700,London Marylebone Road,i-Hexane,i-Hexane,51.52253,-0.1546109999949009
2025-08-12 02:00:00,0.425,2700,London Marylebone Road,i-Hexane,i-Hexane,51.52253,-0.1546109999949009
2025-08-12 03:00:00,0.332,2700,London Marylebone Road,i-Hexane,i-Hexane,51.52253,-0.1546109999949009
2025-08-12 04:00:00,0.334,2700,London Marylebone Road,i-Hexane,i-Hexane,51.52253,-0.1546109999949009
2025-08-12 05:00:00,0.38,2700,London Marylebone Road,i-Hexane,i-Hexane,51.52253,-0.1546109999949009
2025-08-12 06:00:00,0.575,2700,London Marylebone Road,i-Hexane,i-Hexane,51.52253,-0.1546109999949009
2025-08-12 07:00:00,0.563,2700,London Marylebone Road,i-Hexane,i-Hexane,51.52253,-0.1546109999949009
2025-08-12 08:00:00,0.626,2700,London Marylebone Road,i-Hexane,i-Hexane,51.52253,-0.1546109999949009
2025-08-12 09:00:00,0.681,2700,London Marylebone Road,i-Hexane,i-Hexane,51.52253,-0.1546109999949009
2025-08-12 10:00:00,0.678,2700,London Marylebone Road,i-Hexane,i-Hexane,51.52253,-0.1546109999949009
2025-08-12 11:00:00,0.665,2700,London Marylebone Road,i-Hexane,i-Hexane,51.52253,-0.1546109999949009
2025-08-12 12:00:00,0.538,2700,London Marylebone Road,i-Hexane,i-Hexane,51.52253,-0.1546109999949009
2025-08-12 13:00:00,0.591,2700,London Marylebone Road,i-Hexane,i-Hexane,51.52253,-0.1546109999949009
2025-08-12 14:00:00,0.802,2700,London Marylebone Road,i-Hexane,i-Hexane,51.52253,-0.1546109999949009
2025-08-12 15:00:00,1.032,2700,London Marylebone Road,i-Hexane,i-Hexane,51.52253,-0.1546109999949009
2025-08-12 16:00:00,1.137,2700,London Marylebone Road,i-Hexane,i-Hexane,51.52253,-0.1546109999949009
2025-08-12 17:00:00,1.334,2700,London Marylebone Road,i-Hexane,i-Hexane,51.52253,-0.1546109999949009
2025-08-12 18:00:00,1.09,2700,London Marylebone Road,i-Hexane,i-Hexane,51.52253,-0.1546109999949009
2025-08-12 19:00:00,0.944,2700,London Marylebone Road,i-Hexane,i-Hexane,51.52253,-0.1546109999949009
2025-08-12 20:00:00,0.943,2700,London Marylebone Road,i-Hexane,i-Hexane,51.52253,-0.1546109999949009
2025-08-12 21:00:00,0.698,2700,London Marylebone Road,i-Hexane,i-Hexane,51.52253,-0.1546109999949009
2025-08-12 22:00:00,0.793,2700,London Marylebone Road,i-Hexane,i-Hexane,51.52253,-0.1546109999949009
2025-08-12 23:00:00,1.037,2700,London Marylebone Road,i-Hexane,i-Hexane,51.52253,-0.1546109999949009
2025-08-13 00:00:00,1.199,2700,London Marylebone Road,i-Hexane,i-Hexane,51.52253,-0.1546109999949009
2025-08-13 01:00:00,1.317,2700,London Marylebone Road,i-Hexane,i-Hexane,51.52253,-0.1546109999949009
2025-08-13 02:00:00,1.238,2700,London Marylebone Road,i-Hexane,i-Hexane,51.52253,-0.1546109999949009
2025-08-13 03:00:00,1.114,2700,London Marylebone Road,i-Hexane,i-Hexane,51.52253,-0.1546109999949009
2025-08-13 04:00:00,1.052,2700,London Marylebone Road,i-Hexane,i-Hexane,51.52253,-0.1546109999949009
2025-08-13 05:00:00,1.156,2700,London Marylebone Road,i-Hexane,i-Hexane,51.52253,-0.1546109999949009
2025-08-13 06:00:00,1.186,2700,London Marylebone Road,i-Hexane,i-Hexane,51.52253,-0.1546109999949009
2025-08-13 07:00:00,1.193,2700,London Marylebone Road,i-Hexane,i-Hexane,51.52253,-0.1546109999949009
2025-08-13 08:00:00,0.84,2700,London Marylebone Road,i-Hexane,i-Hexane,51.52253,-0.1546109999949009
2025-08-13 09:00:00,0.823,2700,London Marylebone Road,i-Hexane,i-Hexane,51.52253,-0.1546109999949009
2025-08-13 10:00:00,1.445,2700,London Marylebone Road,i-Hexane,i-Hexane,51.52253,-0.1546109999949009
2025-08-13 11:00:00,0.994,2700,London Marylebone Road,i-Hexane,i-Hexane,51.52253,-0.1546109999949009
2025-08-13 12:00:00,0.941,2700,London Marylebone Road,i-Hexane,i-Hexane,51.52253,-0.1546109999949009
2025-08-13 13:00:00,0.938,2700,London Marylebone Road,i-Hexane,i-Hexane,51.52253,-0.1546109999949009
2025-08-13 14:00:00,0.785,2700,London Marylebone Road,i-Hexane,i-Hexane,51.52253,-0.1546109999949009
2025-08-13 15:00:00,1.015,2700,London Marylebone Road,i-Hexane,i-Hexane,51.52253,-0.1546109999949009
2025-08-13 16:00:00,1.545,2700,London Marylebone Road,i-Hexane,i-Hexane,51.52253,-0.1546109999949009
2025-08-13 17:00:00,0.937,2700,London Marylebone Road,i-Hexane,i-Hexane,51.52253,-0.1546109999949009
2025-08-13 18:00:00,0.501,2700,London Marylebone Road,i-Hexane,i-Hexane,51.52253,-0.1546109999949009
2025-08-13 19:00:00,0.737,2700,London Marylebone Road,i-Hexane,i-Hexane,51.52253,-0.1546109999949009
2025-08-13 20:00:00,1.443,2700,London Marylebone Road,i-Hexane,i-Hexane,51.52253,-0.1546109999949009
2025-08-13 21:00:00,0.422,2700,London Marylebone Road,i-Hexane,i-Hexane,51.52253,-0.1546109999949009
2025-08-13 22:00:00,0.362,2700,London Marylebone Road,i-Hexane,i-Hexane,51.52253,-0.1546109999949009
2025-08-13 23:00:00,0.254,2700,London Marylebone Road,i-Hexane,i-Hexane,51.52253,-0.1546109999949009
2025-08-14 00:00:00,0.266,2700,London Marylebone Road,i-Hexane,i-Hexane,51.52253,-0.1546109999949009
2025-08-14 01:00:00,0.277,2700,London Marylebone Road,i-Hexane,i-Hexane,51.52253,-0.1546109999949009
2025-08-14 02:00:00,0.162,2700,London Marylebone Road,i-Hexane,i-Hexane,51.52253,-0.1546109999949009
2025-08-14 03:00:00,0.265,2700,London Marylebone Road,i-Hexane,i-Hexane,51.52253,-0.1546109999949009
2025-08-14 04:00:00,0.49,2700,London Marylebone Road,i-Hexane,i-Hexane,51.52253,-0.1546109999949009
2025-08-14 05:00:00,0.141,2700,London Marylebone Road,i-Hexane,i-Hexane,51.52253,-0.1546109999949009
2025-08-14 06:00:00,0.762,2700,London Marylebone Road,i-Hexane,i-Hexane,51.52253,-0.1546109999949009
2025-08-14 07:00:00,1.024,2700,London Marylebone Road,i-Hexane,i-Hexane,51.52253,-0.1546109999949009
2025-08-14 08:00:00,0.637,2700,London Marylebone Road,i-Hexane,i-Hexane,51.52253,-0.1546109999949009
2025-08-14 09:00:00,0.611,2700,London Marylebone Road,i-Hexane,i-Hexane,51.52253,-0.1546109999949009
2025-08-14 10:00:00,0.529,2700,London Marylebone Road,i-Hexane,i-Hexane,51.52253,-0.1546109999949009
2025-08-14 11:00:00,0.514,2700,London Marylebone Road,i-Hexane,i-Hexane,51.52253,-0.1546109999949009
2025-08-14 12:00:00,0.757,2700,London Marylebone Road,i-Hexane,i-Hexane,51.52253,-0.1546109999949009
2025-08-14 13:00:00,0.647,2700,London Marylebone Road,i-Hexane,i-Hexane,51.52253,-0.1546109999949009
2025-08-14 14:00:00,1.809,2700,London Marylebone Road,i-Hexane,i-Hexane,51.52253,-0.1546109999949009
2025-08-14 15:00:00,0.921,2700,London Marylebone Road,i-Hexane,i-Hexane,51.52253,-0.1546109999949009
2025-08-14 16:00:00,2.073,2700,London Marylebone Road,i-Hexane,i-Hexane,51.52253,-0.1546109999949009
2025-08-14 17:00:00,0.837,2700,London Marylebone Road,i-Hexane,i-Hexane,51.52253,-0.1546109999949009
2025-08-14 18:00:00,0.503,2700,London Marylebone Road,i-Hexane,i-Hexane,51.52253,-0.1546109999949009
2025-08-14 19:00:00,0.341,2700,London Marylebone Road,i-Hexane,i-Hexane,51.52253,-0.1546109999949009
2025-08-14 20:00:00,0.384,2700,London Marylebone Road,i-Hexane,i-Hexane,51.52253,-0.1546109999949009
2025-08-14 21:00:00,0.58,2700,London Marylebone Road,i-Hexane,i-Hexane,51.52253,-0.1546109999949009
2025-08-14 22:00:00,0.628,2700,London Marylebone Road,i-Hexane,i-Hexane,51.52253,-0.1546109999949009
2025-08-14 23:00:00,0.502,2700,London Marylebone Road,i-Hexane,i-Hexane,51.52253,-0.1546109999949009
2025-08-15 00:00:00,0.444,2700,London Marylebone Road,i-Hexane,i-Hexane,51.52253,-0.1546109999949009
2025-08-15 01:00:00,0.487,2700,London Marylebone Road,i-Hexane,i-Hexane,51.52253,-0.1546109999949009
2025-08-15 02:00:00,0.626,2700,London Marylebone Road,i-Hexane,i-Hexane,51.52253,-0.1546109999949009
2025-08-15 03:00:00,0.343,2700,London Marylebone Road,i-Hexane,i-Hexane,51.52253,-0.1546109999949009
2025-08-15 04:00:00,0.311,2700,London Marylebone Road,i-Hexane,i-Hexane,51.52253,-0.1546109999949009
2025-08-15 05:00:00,0.312,2700,London Marylebone Road,i-Hexane,i-Hexane,51.52253,-0.1546109999949009
2025-08-15 06:00:00,0.281,2700,London Marylebone Road,i-Hexane,i-Hexane,51.52253,-0.1546109999949009
2025-08-15 07:00:00,0.331,2700,London Marylebone Road,i-Hexane,i-Hexane,51.52253,-0.1546109999949009
2025-08-15 08:00:00,0.331,2700,London Marylebone Road,i-Hexane,i-Hexane,51.52253,-0.1546109999949009
2025-08-15 09:00:00,0.365,2700,London Marylebone Road,i-Hexane,i-Hexane,51.52253,-0.1546109999949009
2025-08-15 10:00:00,0.244,2700,London Marylebone Road,i-Hexane,i-Hexane,51.52253,-0.1546109999949009
2025-08-15 11:00:00,0.271,2700,London Marylebone Road,i-Hexane,i-Hexane,51.52253,-0.1546109999949009
2025-08-15 12:00:00,0.255,2700,London Marylebone Road,i-Hexane,i-Hexane,51.52253,-0.1546109999949009
2025-08-15 13:00:00,0.338,2700,London Marylebone Road,i-Hexane,i-Hexane,51.52253,-0.1546109999949009
2025-08-15 14:00:00,0.351,2700,London Marylebone Road,i-Hexane,i-Hexane,51.52253,-0.1546109999949009
2025-08-15 15:00:00,0.251,2700,London Marylebone Road,i-Hexane,i-Hexane,51.52253,-0.1546109999949009
2025-08-15 16:00:00,0.378,2700,London Marylebone Road,i-Hexane,i-Hexane,51.52253,-0.1546109999949009
2025-08-15 17:00:00,0.269,2700,London Marylebone Road,i-Hexane,i-Hexane,51.52253,-0.1546109999949009
2025-08-15 18:00:00,0.72,2700,London Marylebone Road,i-Hexane,i-Hexane,51.52253,-0.1546109999949009
2025-08-15 19:00:00,0.647,2700,London Marylebone Road,i-Hexane,i-Hexane,51.52253,-0.1546109999949009
2025-08-15 20:00:00,0.689,2700,London Marylebone Road,i-Hexane,i-Hexane,51.52253,-0.1546109999949009
2025-08-15 21:00:00,0.878,2700,London Marylebone Road,i-Hexane,i-Hexane,51.52253,-0.1546109999949009
2025-08-15 22:00:00,0.577,2700,London Marylebone Road,i-Hexane,i-Hexane,51.52253,-0.1546109999949009
2025-08-15 23:00:00,0.373,2700,London Marylebone Road,i-Hexane,i-Hexane,51.52253,-0.1546109999949009
2025-08-16 00:00:00,0.251,2700,London Marylebone Road,i-Hexane,i-Hexane,51.52253,-0.1546109999949009
2025-08-16 01:00:00,0.183,2700,London Marylebone Road,i-Hexane,i-Hexane,51.52253,-0.1546109999949009
2025-08-16 02:00:00,0.143,2700,London Marylebone Road,i-Hexane,i-Hexane,51.52253,-0.1546109999949009
2025-08-16 03:00:00,0.137,2700,London Marylebone Road,i-Hexane,i-Hexane,51.52253,-0.1546109999949009
2025-08-16 04:00:00,0.078,2700,London Marylebone Road,i-Hexane,i-Hexane,51.52253,-0.1546109999949009
2025-08-16 05:00:00,0.164,2700,London Marylebone Road,i-Hexane,i-Hexane,51.52253,-0.1546109999949009
2025-08-16 06:00:00,0.095,2700,London Marylebone Road,i-Hexane,i-Hexane,51.52253,-0.1546109999949009
2025-08-16 07:00:00,0.142,2700,London Marylebone Road,i-Hexane,i-Hexane,51.52253,-0.1546109999949009
2025-08-16 08:00:00,0.115,2700,London Marylebone Road,i-Hexane,i-Hexane,51.52253,-0.1546109999949009
2025-08-16 09:00:00,0.163,2700,London Marylebone Road,i-Hexane,i-Hexane,51.52253,-0.1546109999949009
2025-08-16 10:00:00,0.126,2700,London Marylebone Road,i-Hexane,i-Hexane,51.52253,-0.1546109999949009
2025-08-16 11:00:00,0.237,2700,London Marylebone Road,i-Hexane,i-Hexane,51.52253,-0.1546109999949009
2025-08-16 12:00:00,0.153,2700,London Marylebone Road,i-Hexane,i-Hexane,51.52253,-0.1546109999949009
2025-08-16 13:00:00,0.135,2700,London Marylebone Road,i-Hexane,i-Hexane,51.52253,-0.1546109999949009
2025-08-16 14:00:00,0.291,2700,London Marylebone Road,i-Hexane,i-Hexane,51.52253,-0.1546109999949009
2025-08-16 15:00:00,0.21,2700,London Marylebone Road,i-Hexane,i-Hexane,51.52253,-0.1546109999949009
2025-08-16 16:00:00,0.362,2700,London Marylebone Road,i-Hexane,i-Hexane,51.52253,-0.1546109999949009
2025-08-16 17:00:00,0.153,2700,London Marylebone Road,i-Hexane,i-Hexane,51.52253,-0.1546109999949009
2025-08-16 18:00:00,0.297,2700,London Marylebone Road,i-Hexane,i-Hexane,51.52253,-0.1546109999949009
2025-08-16 19:00:00,0.452,2700,London Marylebone Road,i-Hexane,i-Hexane,51.52253,-0.1546109999949009
2025-08-16 20:00:00,0.356,2700,London Marylebone Road,i-Hexane,i-Hexane,51.52253,-0.1546109999949009
2025-08-16 21:00:00,0.323,2700,London Marylebone Road,i-Hexane,i-Hexane,51.52253,-0.1546109999949009
2025-08-16 22:00:00,0.231,2700,London Marylebone Road,i-Hexane,i-Hexane,51.52253,-0.1546109999949009
2025-08-16 23:00:00,0.199,2700,London Marylebone Road,i-Hexane,i-Hexane,51.52253,-0.1546109999949009
2025-08-17 00:00:00,0.154,2700,London Marylebone Road,i-Hexane,i-Hexane,51.52253,-0.1546109999949009
2025-08-17 01:00:00,0.149,2700,London Marylebone Road,i-Hexane,i-Hexane,51.52253,-0.1546109999949009
2025-08-17 02:00:00,0.206,2700,London Marylebone Road,i-Hexane,i-Hexane,51.52253,-0.1546109999949009
2025-08-17 03:00:00,0.22,2700,London Marylebone Road,i-Hexane,i-Hexane,51.52253,-0.1546109999949009
2025-08-17 04:00:00,0.257,2700,London Marylebone Road,i-Hexane,i-Hexane,51.52253,-0.1546109999949009
2025-08-17 05:00:00,0.222,2700,London Marylebone Road,i-Hexane,i-Hexane,51.52253,-0.1546109999949009
2025-08-17 06:00:00,0.181,2700,London Marylebone Road,i-Hexane,i-Hexane,51.52253,-0.1546109999949009
2025-08-17 07:00:00,0.155,2700,London Marylebone Road,i-Hexane,i-Hexane,51.52253,-0.1546109999949009
2025-08-17 08:00:00,0.273,2700,London Marylebone Road,i-Hexane,i-Hexane,51.52253,-0.1546109999949009
2025-08-17 09:00:00,0.194,2700,London Marylebone Road,i-Hexane,i-Hexane,51.52253,-0.1546109999949009
2025-08-17 10:00:00,0.284,2700,London Marylebone Road,i-Hexane,i-Hexane,51.52253,-0.1546109999949009
2025-08-17 11:00:00,0.233,2700,London Marylebone Road,i-Hexane,i-Hexane,51.52253,-0.1546109999949009
2025-08-17 12:00:00,0.303,2700,London Marylebone Road,i-Hexane,i-Hexane,51.52253,-0.1546109999949009
2025-08-17 13:00:00,0.633,2700,London Marylebone Road,i-Hexane,i-Hexane,51.52253,-0.1546109999949009
2025-08-17 14:00:00,0.39,2700,London Marylebone Road,i-Hexane,i-Hexane,51.52253,-0.1546109999949009
2025-08-17 15:00:00,0.622,2700,London Marylebone Road,i-Hexane,i-Hexane,51.52253,-0.1546109999949009
2025-08-17 16:00:00,0.587,2700,London Marylebone Road,i-Hexane,i-Hexane,51.52253,-0.1546109999949009
2025-08-17 17:00:00,0.662,2700,London Marylebone Road,i-Hexane,i-Hexane,51.52253,-0.1546109999949009
2025-08-17 18:00:00,0.557,2700,London Marylebone Road,i-Hexane,i-Hexane,51.52253,-0.1546109999949009
2025-08-17 19:00:00,0.748,2700,London Marylebone Road,i-Hexane,i-Hexane,51.52253,-0.1546109999949009
2025-08-17 20:00:00,0.379,2700,London Marylebone Road,i-Hexane,i-Hexane,51.52253,-0.1546109999949009
2025-08-17 21:00:00,0.353,2700,London Marylebone Road,i-Hexane,i-Hexane,51.52253,-0.1546109999949009
2025-08-17 22:00:00,0.174,2700,London Marylebone Road,i-Hexane,i-Hexane,51.52253,-0.1546109999949009
2025-08-17 23:00:00,0.092,2700,London Marylebone Road,i-Hexane,i-Hexane,51.52253,-0.1546109999949009
2025-08-18 00:00:00,0.123,2700,London Marylebone Road,i-Hexane,i-Hexane,51.52253,-0.1546109999949009
2025-08-18 01:00:00,0.018,2700,London Marylebone Road,i-Hexane,i-Hexane,51.52253,-0.1546109999949009
2025-08-18 02:00:00,0.068,2700,London Marylebone Road,i-Hexane,i-Hexane,51.52253,-0.1546109999949009
2025-08-18 03:00:00,0.101,2700,London Marylebone Road,i-Hexane,i-Hexane,51.52253,-0.1546109999949009
2025-08-18 04:00:00,0.357,2700,London Marylebone Road,i-Hexane,i-Hexane,51.52253,-0.1546109999949009
2025-08-18 05:00:00,0.153,2700,London Marylebone Road,i-Hexane,i-Hexane,51.52253,-0.1546109999949009
2025-08-18 06:00:00,0.169,2700,London Marylebone Road,i-Hexane,i-Hexane,51.52253,-0.1546109999949009
2025-08-18 07:00:00,0.199,2700,London Marylebone Road,i-Hexane,i-Hexane,51.52253,-0.1546109999949009
2025-08-18 08:00:00,0.176,2700,London Marylebone Road,i-Hexane,i-Hexane,51.52253,-0.1546109999949009
2025-08-18 09:00:00,0.337,2700,London Marylebone Road,i-Hexane,i-Hexane,51.52253,-0.1546109999949009
2025-08-18 10:00:00,0.239,2700,London Marylebone Road,i-Hexane,i-Hexane,51.52253,-0.1546109999949009
2025-08-18 11:00:00,0.273,2700,London Marylebone Road,i-Hexane,i-Hexane,51.52253,-0.1546109999949009
2025-08-18 12:00:00,0.24,2700,London Marylebone Road,i-Hexane,i-Hexane,51.52253,-0.1546109999949009
2025-08-18 13:00:00,0.245,2700,London Marylebone Road,i-Hexane,i-Hexane,51.52253,-0.1546109999949009
2025-08-18 14:00:00,0.335,2700,London Marylebone Road,i-Hexane,i-Hexane,51.52253,-0.1546109999949009
2025-08-18 15:00:00,0.386,2700,London Marylebone Road,i-Hexane,i-Hexane,51.52253,-0.1546109999949009
2025-08-18 16:00:00,0.766,2700,London Marylebone Road,i-Hexane,i-Hexane,51.52253,-0.1546109999949009
2025-08-18 17:00:00,0.339,2700,London Marylebone Road,i-Hexane,i-Hexane,51.52253,-0.1546109999949009
2025-08-18 18:00:00,0.359,2700,London Marylebone Road,i-Hexane,i-Hexane,51.52253,-0.1546109999949009
2025-08-18 19:00:00,0.396,2700,London Marylebone Road,i-Hexane,i-Hexane,51.52253,-0.1546109999949009
2025-08-18 20:00:00,0.326,2700,London Marylebone Road,i-Hexane,i-Hexane,51.52253,-0.1546109999949009
2025-08-18 21:00:00,,2700,London Marylebone Road,i-Hexane,i-Hexane,51.52253,-0.1546109999949009
2025-08-18 22:00:00,,2700,London Marylebone Road,i-Hexane,i-Hexane,51.52253,-0.1546109999949009
2025-08-18 23:00:00,,2700,London Marylebone Road,i-Hexane,i-Hexane,51.52253,-0.1546109999949009
2025-08-19 00:00:00,,2700,London Marylebone Road,i-Hexane,i-Hexane,51.52253,-0.1546109999949009
2025-08-19 01:00:00,,2700,London Marylebone Road,i-Hexane,i-Hexane,51.52253,-0.1546109999949009
2025-08-19 02:00:00,0.181,2700,London Marylebone Road,i-Hexane,i-Hexane,51.52253,-0.1546109999949009
2025-08-19 03:00:00,0.153,2700,London Marylebone Road,i-Hexane,i-Hexane,51.52253,-0.1546109999949009
2025-08-19 04:00:00,0.203,2700,London Marylebone Road,i-Hexane,i-Hexane,51.52253,-0.1546109999949009
2025-08-19 05:00:00,0.23,2700,London Marylebone Road,i-Hexane,i-Hexane,51.52253,-0.1546109999949009
2025-08-19 06:00:00,0.305,2700,London Marylebone Road,i-Hexane,i-Hexane,51.52253,-0.1546109999949009
2025-08-19 07:00:00,0.35,2700,London Marylebone Road,i-Hexane,i-Hexane,51.52253,-0.1546109999949009
2025-08-19 08:00:00,0.358,2700,London Marylebone Road,i-Hexane,i-Hexane,51.52253,-0.1546109999949009
2025-08-19 09:00:00,0.293,2700,London Marylebone Road,i-Hexane,i-Hexane,51.52253,-0.1546109999949009
2025-08-19 10:00:00,0.236,2700,London Marylebone Road,i-Hexane,i-Hexane,51.52253,-0.1546109999949009
2025-08-19 11:00:00,0.236,2700,London Marylebone Road,i-Hexane,i-Hexane,51.52253,-0.1546109999949009
2025-08-19 12:00:00,0.299,2700,London Marylebone Road,i-Hexane,i-Hexane,51.52253,-0.1546109999949009
2025-08-19 13:00:00,0.3,2700,London Marylebone Road,i-Hexane,i-Hexane,51.52253,-0.1546109999949009
2025-08-19 14:00:00,0.461,2700,London Marylebone Road,i-Hexane,i-Hexane,51.52253,-0.1546109999949009
2025-08-19 15:00:00,1.114,2700,London Marylebone Road,i-Hexane,i-Hexane,51.52253,-0.1546109999949009
2025-08-19 16:00:00,0.999,2700,London Marylebone Road,i-Hexane,i-Hexane,51.52253,-0.1546109999949009
2025-08-19 17:00:00,1.163,2700,London Marylebone Road,i-Hexane,i-Hexane,51.52253,-0.1546109999949009
2025-08-19 18:00:00,0.261,2700,London Marylebone Road,i-Hexane,i-Hexane,51.52253,-0.1546109999949009
2025-08-19 19:00:00,0.171,2700,London Marylebone Road,i-Hexane,i-Hexane,51.52253,-0.1546109999949009
2025-08-19 20:00:00,0.157,2700,London Marylebone Road,i-Hexane,i-Hexane,51.52253,-0.1546109999949009
2025-08-19 21:00:00,0.125,2700,London Marylebone Road,i-Hexane,i-Hexane,51.52253,-0.1546109999949009
2025-08-19 22:00:00,0.106,2700,London Marylebone Road,i-Hexane,i-Hexane,51.52253,-0.1546109999949009
2025-08-19 23:00:00,0.166,2700,London Marylebone Road,i-Hexane,i-Hexane,51.52253,-0.1546109999949009
2025-08-20 00:00:00,0.083,2700,London Marylebone Road,i-Hexane,i-Hexane,51.52253,-0.1546109999949009
2025-08-20 01:00:00,0.075,2700,London Marylebone Road,i-Hexane,i-Hexane,51.52253,-0.1546109999949009
2025-08-20 02:00:00,0.018,2700,London Marylebone Road,i-Hexane,i-Hexane,51.52253,-0.1546109999949009
2025-08-20 03:00:00,,2700,London Marylebone Road,i-Hexane,i-Hexane,51.52253,-0.1546109999949009
2025-08-20 04:00:00,0.118,2700,London Marylebone Road,i-Hexane,i-Hexane,51.52253,-0.1546109999949009
2025-08-20 05:00:00,0.206,2700,London Marylebone Road,i-Hexane,i-Hexane,51.52253,-0.1546109999949009
2025-08-20 06:00:00,0.156,2700,London Marylebone Road,i-Hexane,i-Hexane,51.52253,-0.1546109999949009
2025-08-20 07:00:00,0.225,2700,London Marylebone Road,i-Hexane,i-Hexane,51.52253,-0.1546109999949009
2025-08-20 08:00:00,0.231,2700,London Marylebone Road,i-Hexane,i-Hexane,51.52253,-0.1546109999949009
2025-08-20 09:00:00,0.241,2700,London Marylebone Road,i-Hexane,i-Hexane,51.52253,-0.1546109999949009
2025-08-20 10:00:00,0.247,2700,London Marylebone Road,i-Hexane,i-Hexane,51.52253,-0.1546109999949009
2025-08-20 11:00:00,0.257,2700,London Marylebone Road,i-Hexane,i-Hexane,51.52253,-0.1546109999949009
2025-08-20 12:00:00,0.173,2700,London Marylebone Road,i-Hexane,i-Hexane,51.52253,-0.1546109999949009
2025-08-20 13:00:00,0.287,2700,London Marylebone Road,i-Hexane,i-Hexane,51.52253,-0.1546109999949009
2025-08-20 14:00:00,0.214,2700,London Marylebone Road,i-Hexane,i-Hexane,51.52253,-0.1546109999949009
2025-08-20 15:00:00,0.14,2700,London Marylebone Road,i-Hexane,i-Hexane,51.52253,-0.1546109999949009
2025-08-20 16:00:00,0.272,2700,London Marylebone Road,i-Hexane,i-Hexane,51.52253,-0.1546109999949009
2025-08-20 17:00:00,0.188,2700,London Marylebone Road,i-Hexane,i-Hexane,51.52253,-0.1546109999949009
2025-08-20 18:00:00,0.164,2700,London Marylebone Road,i-Hexane,i-Hexane,51.52253,-0.1546109999949009
2025-08-20 19:00:00,0.169,2700,London Marylebone Road,i-Hexane,i-Hexane,51.52253,-0.1546109999949009
2025-08-20 20:00:00,0.147,2700,London Marylebone Road,i-Hexane,i-Hexane,51.52253,-0.1546109999949009
2025-08-20 21:00:00,0.171,2700,London Marylebone Road,i-Hexane,i-Hexane,51.52253,-0.1546109999949009
2025-08-20 22:00:00,0.116,2700,London Marylebone Road,i-Hexane,i-Hexane,51.52253,-0.1546109999949009
2025-08-20 23:00:00,0.098,2700,London Marylebone Road,i-Hexane,i-Hexane,51.52253,-0.1546109999949009
2025-08-21 00:00:00,0.148,2700,London Marylebone Road,i-Hexane,i-Hexane,51.52253,-0.1546109999949009
2025-08-21 01:00:00,0.093,2700,London Marylebone Road,i-Hexane,i-Hexane,51.52253,-0.1546109999949009
2025-08-21 02:00:00,0.085,2700,London Marylebone Road,i-Hexane,i-Hexane,51.52253,-0.1546109999949009
2025-08-21 03:00:00,0.086,2700,London Marylebone Road,i-Hexane,i-Hexane,51.52253,-0.1546109999949009
2025-08-21 04:00:00,0.113,2700,London Marylebone Road,i-Hexane,i-Hexane,51.52253,-0.1546109999949009
2025-08-21 05:00:00,0.148,2700,London Marylebone Road,i-Hexane,i-Hexane,51.52253,-0.1546109999949009
2025-08-21 06:00:00,0.193,2700,London Marylebone Road,i-Hexane,i-Hexane,51.52253,-0.1546109999949009
2025-08-21 07:00:00,0.171,2700,London Marylebone Road,i-Hexane,i-Hexane,51.52253,-0.1546109999949009
2025-08-21 08:00:00,0.126,2700,London Marylebone Road,i-Hexane,i-Hexane,51.52253,-0.1546109999949009
2025-08-21 09:00:00,0.178,2700,London Marylebone Road,i-Hexane,i-Hexane,51.52253,-0.1546109999949009
2025-08-21 10:00:00,0.166,2700,London Marylebone Road,i-Hexane,i-Hexane,51.52253,-0.1546109999949009
2025-08-21 11:00:00,0.101,2700,London Marylebone Road,i-Hexane,i-Hexane,51.52253,-0.1546109999949009
2025-08-21 12:00:00,0.182,2700,London Marylebone Road,i-Hexane,i-Hexane,51.52253,-0.1546109999949009
2025-08-21 13:00:00,0.179,2700,London Marylebone Road,i-Hexane,i-Hexane,51.52253,-0.1546109999949009
2025-08-21 14:00:00,0.213,2700,London Marylebone Road,i-Hexane,i-Hexane,51.52253,-0.1546109999949009
2025-08-21 15:00:00,0.134,2700,London Marylebone Road,i-Hexane,i-Hexane,51.52253,-0.1546109999949009
2025-08-21 16:00:00,0.294,2700,London Marylebone Road,i-Hexane,i-Hexane,51.52253,-0.1546109999949009
2025-08-21 17:00:00,0.204,2700,London Marylebone Road,i-Hexane,i-Hexane,51.52253,-0.1546109999949009
2025-08-21 18:00:00,0.256,2700,London Marylebone Road,i-Hexane,i-Hexane,51.52253,-0.1546109999949009
2025-08-21 19:00:00,0.246,2700,London Marylebone Road,i-Hexane,i-Hexane,51.52253,-0.1546109999949009
2025-08-21 20:00:00,0.225,2700,London Marylebone Road,i-Hexane,i-Hexane,51.52253,-0.1546109999949009
2025-08-21 21:00:00,0.221,2700,London Marylebone Road,i-Hexane,i-Hexane,51.52253,-0.1546109999949009
2025-08-21 22:00:00,0.225,2700,London Marylebone Road,i-Hexane,i-Hexane,51.52253,-0.1546109999949009
2025-08-21 23:00:00,0.259,2700,London Marylebone Road,i-Hexane,i-Hexane,51.52253,-0.1546109999949009
2025-08-22 00:00:00,0.207,2700,London Marylebone Road,i-Hexane,i-Hexane,51.52253,-0.1546109999949009
2025-08-22 01:00:00,0.251,2700,London Marylebone Road,i-Hexane,i-Hexane,51.52253,-0.1546109999949009
2025-08-22 02:00:00,0.287,2700,London Marylebone Road,i-Hexane,i-Hexane,51.52253,-0.1546109999949009
2025-08-22 03:00:00,0.238,2700,London Marylebone Road,i-Hexane,i-Hexane,51.52253,-0.1546109999949009
2025-08-22 04:00:00,0.389,2700,London Marylebone Road,i-Hexane,i-Hexane,51.52253,-0.1546109999949009
2025-08-22 05:00:00,0.624,2700,London Marylebone Road,i-Hexane,i-Hexane,51.52253,-0.1546109999949009
2025-08-22 06:00:00,0.875,2700,London Marylebone Road,i-Hexane,i-Hexane,51.52253,-0.1546109999949009
2025-08-22 07:00:00,0.866,2700,London Marylebone Road,i-Hexane,i-Hexane,51.52253,-0.1546109999949009
2025-08-22 08:00:00,0.57,2700,London Marylebone Road,i-Hexane,i-Hexane,51.52253,-0.1546109999949009
2025-08-22 09:00:00,0.444,2700,London Marylebone Road,i-Hexane,i-Hexane,51.52253,-0.1546109999949009
2025-08-22 10:00:00,0.198,2700,London Marylebone Road,i-Hexane,i-Hexane,51.52253,-0.1546109999949009
2025-08-22 11:00:00,0.329,2700,London Marylebone Road,i-Hexane,i-Hexane,51.52253,-0.1546109999949009
2025-08-22 12:00:00,0.401,2700,London Marylebone Road,i-Hexane,i-Hexane,51.52253,-0.1546109999949009
2025-08-22 13:00:00,0.216,2700,London Marylebone Road,i-Hexane,i-Hexane,51.52253,-0.1546109999949009
2025-08-22 14:00:00,0.232,2700,London Marylebone Road,i-Hexane,i-Hexane,51.52253,-0.1546109999949009
2025-08-22 15:00:00,0.457,2700,London Marylebone Road,i-Hexane,i-Hexane,51.52253,-0.1546109999949009
2025-08-22 16:00:00,0.312,2700,London Marylebone Road,i-Hexane,i-Hexane,51.52253,-0.1546109999949009
2025-08-22 17:00:00,0.327,2700,London Marylebone Road,i-Hexane,i-Hexane,51.52253,-0.1546109999949009
2025-08-22 18:00:00,0.258,2700,London Marylebone Road,i-Hexane,i-Hexane,51.52253,-0.1546109999949009
2025-08-22 19:00:00,0.409,2700,London Marylebone Road,i-Hexane,i-Hexane,51.52253,-0.1546109999949009
2025-08-22 20:00:00,1.95,2700,London Marylebone Road,i-Hexane,i-Hexane,51.52253,-0.1546109999949009
2025-08-22 21:00:00,0.568,2700,London Marylebone Road,i-Hexane,i-Hexane,51.52253,-0.1546109999949009
2025-08-22 22:00:00,0.644,2700,London Marylebone Road,i-Hexane,i-Hexane,51.52253,-0.1546109999949009
2025-08-22 23:00:00,0.273,2700,London Marylebone Road,i-Hexane,i-Hexane,51.52253,-0.1546109999949009
2025-08-23 00:00:00,0.158,2700,London Marylebone Road,i-Hexane,i-Hexane,51.52253,-0.1546109999949009
2025-08-23 01:00:00,0.041,2700,London Marylebone Road,i-Hexane,i-Hexane,51.52253,-0.1546109999949009
2025-08-23 02:00:00,0.131,2700,London Marylebone Road,i-Hexane,i-Hexane,51.52253,-0.1546109999949009
2025-08-23 03:00:00,0.158,2700,London Marylebone Road,i-Hexane,i-Hexane,51.52253,-0.1546109999949009
2025-08-23 04:00:00,0.208,2700,London Marylebone Road,i-Hexane,i-Hexane,51.52253,-0.1546109999949009
2025-08-23 05:00:00,0.204,2700,London Marylebone Road,i-Hexane,i-Hexane,51.52253,-0.1546109999949009
2025-08-23 06:00:00,0.205,2700,London Marylebone Road,i-Hexane,i-Hexane,51.52253,-0.1546109999949009
2025-08-23 07:00:00,0.27,2700,London Marylebone Road,i-Hexane,i-Hexane,51.52253,-0.1546109999949009
2025-08-23 08:00:00,0.24,2700,London Marylebone Road,i-Hexane,i-Hexane,51.52253,-0.1546109999949009
2025-08-23 09:00:00,0.235,2700,London Marylebone Road,i-Hexane,i-Hexane,51.52253,-0.1546109999949009
2025-08-23 10:00:00,0.551,2700,London Marylebone Road,i-Hexane,i-Hexane,51.52253,-0.1546109999949009
2025-08-23 11:00:00,0.283,2700,London Marylebone Road,i-Hexane,i-Hexane,51.52253,-0.1546109999949009
2025-08-23 12:00:00,0.466,2700,London Marylebone Road,i-Hexane,i-Hexane,51.52253,-0.1546109999949009
2025-08-23 13:00:00,0.628,2700,London Marylebone Road,i-Hexane,i-Hexane,51.52253,-0.1546109999949009
2025-08-23 14:00:00,0.706,2700,London Marylebone Road,i-Hexane,i-Hexane,51.52253,-0.1546109999949009
2025-08-23 15:00:00,0.77,2700,London Marylebone Road,i-Hexane,i-Hexane,51.52253,-0.1546109999949009
2025-08-23 16:00:00,0.643,2700,London Marylebone Road,i-Hexane,i-Hexane,51.52253,-0.1546109999949009
2025-08-23 17:00:00,0.599,2700,London Marylebone Road,i-Hexane,i-Hexane,51.52253,-0.1546109999949009
2025-08-23 18:00:00,0.409,2700,London Marylebone Road,i-Hexane,i-Hexane,51.52253,-0.1546109999949009
2025-08-23 19:00:00,0.544,2700,London Marylebone Road,i-Hexane,i-Hexane,51.52253,-0.1546109999949009
2025-08-23 20:00:00,0.485,2700,London Marylebone Road,i-Hexane,i-Hexane,51.52253,-0.1546109999949009
2025-08-23 21:00:00,0.513,2700,London Marylebone Road,i-Hexane,i-Hexane,51.52253,-0.1546109999949009
2025-08-23 22:00:00,0.51,2700,London Marylebone Road,i-Hexane,i-Hexane,51.52253,-0.1546109999949009
2025-08-23 23:00:00,0.382,2700,London Marylebone Road,i-Hexane,i-Hexane,51.52253,-0.1546109999949009
2025-08-24 00:00:00,0.325,2700,London Marylebone Road,i-Hexane,i-Hexane,51.52253,-0.1546109999949009
2025-08-24 01:00:00,0.476,2700,London Marylebone Road,i-Hexane,i-Hexane,51.52253,-0.1546109999949009
2025-08-24 02:00:00,0.484,2700,London Marylebone Road,i-Hexane,i-Hexane,51.52253,-0.1546109999949009
2025-08-24 03:00:00,0.49,2700,London Marylebone Road,i-Hexane,i-Hexane,51.52253,-0.1546109999949009
2025-08-24 04:00:00,0.496,2700,London Marylebone Road,i-Hexane,i-Hexane,51.52253,-0.1546109999949009
2025-08-24 05:00:00,0.413,2700,London Marylebone Road,i-Hexane,i-Hexane,51.52253,-0.1546109999949009
2025-08-24 06:00:00,0.37,2700,London Marylebone Road,i-Hexane,i-Hexane,51.52253,-0.1546109999949009
2025-08-24 07:00:00,0.32,2700,London Marylebone Road,i-Hexane,i-Hexane,51.52253,-0.1546109999949009
2025-08-24 08:00:00,0.276,2700,London Marylebone Road,i-Hexane,i-Hexane,51.52253,-0.1546109999949009
2025-08-24 09:00:00,0.339,2700,London Marylebone Road,i-Hexane,i-Hexane,51.52253,-0.1546109999949009
2025-08-24 10:00:00,0.429,2700,London Marylebone Road,i-Hexane,i-Hexane,51.52253,-0.1546109999949009
2025-08-24 11:00:00,0.608,2700,London Marylebone Road,i-Hexane,i-Hexane,51.52253,-0.1546109999949009
2025-08-24 12:00:00,0.621,2700,London Marylebone Road,i-Hexane,i-Hexane,51.52253,-0.1546109999949009
2025-08-24 13:00:00,0.861,2700,London Marylebone Road,i-Hexane,i-Hexane,51.52253,-0.1546109999949009
2025-08-24 14:00:00,0.559,2700,London Marylebone Road,i-Hexane,i-Hexane,51.52253,-0.1546109999949009
2025-08-24 15:00:00,0.521,2700,London Marylebone Road,i-Hexane,i-Hexane,51.52253,-0.1546109999949009
2025-08-24 16:00:00,0.717,2700,London Marylebone Road,i-Hexane,i-Hexane,51.52253,-0.1546109999949009
2025-08-24 17:00:00,0.465,2700,London Marylebone Road,i-Hexane,i-Hexane,51.52253,-0.1546109999949009
2025-08-24 18:00:00,0.358,2700,London Marylebone Road,i-Hexane,i-Hexane,51.52253,-0.1546109999949009
2025-08-24 19:00:00,0.4,2700,London Marylebone Road,i-Hexane,i-Hexane,51.52253,-0.1546109999949009
2025-08-24 20:00:00,0.355,2700,London Marylebone Road,i-Hexane,i-Hexane,51.52253,-0.1546109999949009
2025-08-24 21:00:00,0.52,2700,London Marylebone Road,i-Hexane,i-Hexane,51.52253,-0.1546109999949009
2025-08-24 22:00:00,0.393,2700,London Marylebone Road,i-Hexane,i-Hexane,51.52253,-0.1546109999949009
2025-08-24 23:00:00,0.595,2700,London Marylebone Road,i-Hexane,i-Hexane,51.52253,-0.1546109999949009
2025-08-25 00:00:00,0.381,2700,London Marylebone Road,i-Hexane,i-Hexane,51.52253,-0.1546109999949009
2025-08-25 01:00:00,0.362,2700,London Marylebone Road,i-Hexane,i-Hexane,51.52253,-0.1546109999949009
2025-08-25 02:00:00,0.461,2700,London Marylebone Road,i-Hexane,i-Hexane,51.52253,-0.1546109999949009
2025-08-25 03:00:00,0.507,2700,London Marylebone Road,i-Hexane,i-Hexane,51.52253,-0.1546109999949009
2025-08-25 04:00:00,0.582,2700,London Marylebone Road,i-Hexane,i-Hexane,51.52253,-0.1546109999949009
2025-08-25 05:00:00,0.483,2700,London Marylebone Road,i-Hexane,i-Hexane,51.52253,-0.1546109999949009
2025-08-25 06:00:00,0.385,2700,London Marylebone Road,i-Hexane,i-Hexane,51.52253,-0.1546109999949009
2025-08-25 07:00:00,0.422,2700,London Marylebone Road,i-Hexane,i-Hexane,51.52253,-0.1546109999949009
2025-08-25 08:00:00,0.45,2700,London Marylebone Road,i-Hexane,i-Hexane,51.52253,-0.1546109999949009
2025-08-25 09:00:00,0.4,2700,London Marylebone Road,i-Hexane,i-Hexane,51.52253,-0.1546109999949009
2025-08-25 10:00:00,0.337,2700,London Marylebone Road,i-Hexane,i-Hexane,51.52253,-0.1546109999949009
2025-08-25 11:00:00,0.479,2700,London Marylebone Road,i-Hexane,i-Hexane,51.52253,-0.1546109999949009
2025-08-25 12:00:00,0.502,2700,London Marylebone Road,i-Hexane,i-Hexane,51.52253,-0.1546109999949009
2025-08-25 13:00:00,0.475,2700,London Marylebone Road,i-Hexane,i-Hexane,51.52253,-0.1546109999949009
2025-08-25 14:00:00,0.675,2700,London Marylebone Road,i-Hexane,i-Hexane,51.52253,-0.1546109999949009
2025-08-25 15:00:00,0.41,2700,London Marylebone Road,i-Hexane,i-Hexane,51.52253,-0.1546109999949009
2025-08-25 16:00:00,0.409,2700,London Marylebone Road,i-Hexane,i-Hexane,51.52253,-0.1546109999949009
2025-08-25 17:00:00,0.451,2700,London Marylebone Road,i-Hexane,i-Hexane,51.52253,-0.1546109999949009
2025-08-25 18:00:00,0.582,2700,London Marylebone Road,i-Hexane,i-Hexane,51.52253,-0.1546109999949009
2025-08-25 19:00:00,0.635,2700,London Marylebone Road,i-Hexane,i-Hexane,51.52253,-0.1546109999949009
2025-08-25 20:00:00,0.567,2700,London Marylebone Road,i-Hexane,i-Hexane,51.52253,-0.1546109999949009
2025-08-25 21:00:00,,2700,London Marylebone Road,i-Hexane,i-Hexane,51.52253,-0.1546109999949009
2025-08-25 22:00:00,,2700,London Marylebone Road,i-Hexane,i-Hexane,51.52253,-0.1546109999949009
2025-08-25 23:00:00,,2700,London Marylebone Road,i-Hexane,i-Hexane,51.52253,-0.1546109999949009
2025-08-26 00:00:00,,2700,London Marylebone Road,i-Hexane,i-Hexane,51.52253,-0.1546109999949009
2025-08-26 01:00:00,,2700,London Marylebone Road,i-Hexane,i-Hexane,51.52253,-0.1546109999949009
2025-08-26 02:00:00,,2700,London Marylebone Road,i-Hexane,i-Hexane,51.52253,-0.1546109999949009
2025-08-26 03:00:00,1.296,2700,London Marylebone Road,i-Hexane,i-Hexane,51.52253,-0.1546109999949009
2025-08-26 04:00:00,1.461,2700,London Marylebone Road,i-Hexane,i-Hexane,51.52253,-0.1546109999949009
2025-08-26 05:00:00,1.367,2700,London Marylebone Road,i-Hexane,i-Hexane,51.52253,-0.1546109999949009
2025-08-26 06:00:00,1.281,2700,London Marylebone Road,i-Hexane,i-Hexane,51.52253,-0.1546109999949009
2025-08-26 07:00:00,0.978,2700,London Marylebone Road,i-Hexane,i-Hexane,51.52253,-0.1546109999949009
2025-08-26 08:00:00,0.742,2700,London Marylebone Road,i-Hexane,i-Hexane,51.52253,-0.1546109999949009
2025-08-26 09:00:00,0.632,2700,London Marylebone Road,i-Hexane,i-Hexane,51.52253,-0.1546109999949009
2025-08-26 10:00:00,0.545,2700,London Marylebone Road,i-Hexane,i-Hexane,51.52253,-0.1546109999949009
2025-08-26 11:00:00,0.737,2700,London Marylebone Road,i-Hexane,i-Hexane,51.52253,-0.1546109999949009
2025-08-26 12:00:00,0.702,2700,London Marylebone Road,i-Hexane,i-Hexane,51.52253,-0.1546109999949009
2025-08-26 13:00:00,0.749,2700,London Marylebone Road,i-Hexane,i-Hexane,51.52253,-0.1546109999949009
2025-08-26 14:00:00,0.566,2700,London Marylebone Road,i-Hexane,i-Hexane,51.52253,-0.1546109999949009
2025-08-26 15:00:00,0.595,2700,London Marylebone Road,i-Hexane,i-Hexane,51.52253,-0.1546109999949009
2025-08-26 16:00:00,0.962,2700,London Marylebone Road,i-Hexane,i-Hexane,51.52253,-0.1546109999949009
2025-08-26 17:00:00,1.025,2700,London Marylebone Road,i-Hexane,i-Hexane,51.52253,-0.1546109999949009
2025-08-26 18:00:00,0.71,2700,London Marylebone Road,i-Hexane,i-Hexane,51.52253,-0.1546109999949009
2025-08-26 19:00:00,0.499,2700,London Marylebone Road,i-Hexane,i-Hexane,51.52253,-0.1546109999949009
2025-08-26 20:00:00,0.604,2700,London Marylebone Road,i-Hexane,i-Hexane,51.52253,-0.1546109999949009
2025-08-26 21:00:00,0.443,2700,London Marylebone Road,i-Hexane,i-Hexane,51.52253,-0.1546109999949009
2025-08-26 22:00:00,0.418,2700,London Marylebone Road,i-Hexane,i-Hexane,51.52253,-0.1546109999949009
2025-08-26 23:00:00,0.299,2700,London Marylebone Road,i-Hexane,i-Hexane,51.52253,-0.1546109999949009
2025-08-27 00:00:00,0.271,2700,London Marylebone Road,i-Hexane,i-Hexane,51.52253,-0.1546109999949009
2025-08-27 01:00:00,0.236,2700,London Marylebone Road,i-Hexane,i-Hexane,51.52253,-0.1546109999949009
2025-08-27 02:00:00,0.244,2700,London Marylebone Road,i-Hexane,i-Hexane,51.52253,-0.1546109999949009
2025-08-27 03:00:00,0.525,2700,London Marylebone Road,i-Hexane,i-Hexane,51.52253,-0.1546109999949009
2025-08-27 04:00:00,0.348,2700,London Marylebone Road,i-Hexane,i-Hexane,51.52253,-0.1546109999949009
2025-08-27 05:00:00,0.316,2700,London Marylebone Road,i-Hexane,i-Hexane,51.52253,-0.1546109999949009
2025-08-27 06:00:00,0.508,2700,London Marylebone Road,i-Hexane,i-Hexane,51.52253,-0.1546109999949009
2025-08-27 08:00:00,0.555,2700,London Marylebone Road,i-Hexane,i-Hexane,51.52253,-0.1546109999949009
2025-08-27 09:00:00,0.336,2700,London Marylebone Road,i-Hexane,i-Hexane,51.52253,-0.1546109999949009
2025-08-27 10:00:00,0.488,2700,London Marylebone Road,i-Hexane,i-Hexane,51.52253,-0.1546109999949009
2025-08-27 11:00:00,0.298,2700,London Marylebone Road,i-Hexane,i-Hexane,51.52253,-0.1546109999949009
2025-08-27 12:00:00,0.399,2700,London Marylebone Road,i-Hexane,i-Hexane,51.52253,-0.1546109999949009
2025-08-27 13:00:00,0.426,2700,London Marylebone Road,i-Hexane,i-Hexane,51.52253,-0.1546109999949009
2025-08-27 14:00:00,0.563,2700,London Marylebone Road,i-Hexane,i-Hexane,51.52253,-0.1546109999949009
2025-08-27 15:00:00,0.565,2700,London Marylebone Road,i-Hexane,i-Hexane,51.52253,-0.1546109999949009
2025-08-27 16:00:00,0.749,2700,London Marylebone Road,i-Hexane,i-Hexane,51.52253,-0.1546109999949009
2025-08-27 17:00:00,0.508,2700,London Marylebone Road,i-Hexane,i-Hexane,51.52253,-0.1546109999949009
2025-08-27 18:00:00,0.599,2700,London Marylebone Road,i-Hexane,i-Hexane,51.52253,-0.1546109999949009
2025-08-27 19:00:00,0.354,2700,London Marylebone Road,i-Hexane,i-Hexane,51.52253,-0.1546109999949009
2025-08-27 20:00:00,0.528,2700,London Marylebone Road,i-Hexane,i-Hexane,51.52253,-0.1546109999949009
2025-08-27 21:00:00,0.519,2700,London Marylebone Road,i-Hexane,i-Hexane,51.52253,-0.1546109999949009
2025-08-27 22:00:00,0.512,2700,London Marylebone Road,i-Hexane,i-Hexane,51.52253,-0.1546109999949009
2025-08-27 23:00:00,0.342,2700,London Marylebone Road,i-Hexane,i-Hexane,51.52253,-0.1546109999949009
2025-08-28 00:00:00,0.567,2700,London Marylebone Road,i-Hexane,i-Hexane,51.52253,-0.1546109999949009
2025-08-28 01:00:00,0.329,2700,London Marylebone Road,i-Hexane,i-Hexane,51.52253,-0.1546109999949009
2025-08-28 02:00:00,0.347,2700,London Marylebone Road,i-Hexane,i-Hexane,51.52253,-0.1546109999949009
2025-08-28 03:00:00,0.291,2700,London Marylebone Road,i-Hexane,i-Hexane,51.52253,-0.1546109999949009
2025-08-28 04:00:00,0.556,2700,London Marylebone Road,i-Hexane,i-Hexane,51.52253,-0.1546109999949009
2025-08-28 05:00:00,0.539,2700,London Marylebone Road,i-Hexane,i-Hexane,51.52253,-0.1546109999949009
2025-08-28 06:00:00,1.193,2700,London Marylebone Road,i-Hexane,i-Hexane,51.52253,-0.1546109999949009
2025-08-28 07:00:00,0.479,2700,London Marylebone Road,i-Hexane,i-Hexane,51.52253,-0.1546109999949009
2025-08-28 08:00:00,0.348,2700,London Marylebone Road,i-Hexane,i-Hexane,51.52253,-0.1546109999949009
2025-08-28 09:00:00,0.362,2700,London Marylebone Road,i-Hexane,i-Hexane,51.52253,-0.1546109999949009
2025-08-28 10:00:00,0.368,2700,London Marylebone Road,i-Hexane,i-Hexane,51.52253,-0.1546109999949009
2025-08-28 11:00:00,0.605,2700,London Marylebone Road,i-Hexane,i-Hexane,51.52253,-0.1546109999949009
2025-08-28 12:00:00,0.538,2700,London Marylebone Road,i-Hexane,i-Hexane,51.52253,-0.1546109999949009
2025-08-28 13:00:00,0.388,2700,London Marylebone Road,i-Hexane,i-Hexane,51.52253,-0.1546109999949009
2025-08-28 14:00:00,0.397,2700,London Marylebone Road,i-Hexane,i-Hexane,51.52253,-0.1546109999949009
2025-08-28 15:00:00,0.692,2700,London Marylebone Road,i-Hexane,i-Hexane,51.52253,-0.1546109999949009
2025-08-28 16:00:00,0.569,2700,London Marylebone Road,i-Hexane,i-Hexane,51.52253,-0.1546109999949009
2025-08-28 17:00:00,0.539,2700,London Marylebone Road,i-Hexane,i-Hexane,51.52253,-0.1546109999949009
2025-08-28 18:00:00,0.494,2700,London Marylebone Road,i-Hexane,i-Hexane,51.52253,-0.1546109999949009
2025-08-28 19:00:00,0.477,2700,London Marylebone Road,i-Hexane,i-Hexane,51.52253,-0.1546109999949009
2025-08-28 20:00:00,0.282,2700,London Marylebone Road,i-Hexane,i-Hexane,51.52253,-0.1546109999949009
2025-08-28 21:00:00,0.471,2700,London Marylebone Road,i-Hexane,i-Hexane,51.52253,-0.1546109999949009
2025-08-28 22:00:00,0.265,2700,London Marylebone Road,i-Hexane,i-Hexane,51.52253,-0.1546109999949009
2025-08-28 23:00:00,0.197,2700,London Marylebone Road,i-Hexane,i-Hexane,51.52253,-0.1546109999949009
2025-08-29 00:00:00,0.196,2700,London Marylebone Road,i-Hexane,i-Hexane,51.52253,-0.1546109999949009
2025-08-29 01:00:00,0.216,2700,London Marylebone Road,i-Hexane,i-Hexane,51.52253,-0.1546109999949009
2025-08-29 02:00:00,0.2,2700,London Marylebone Road,i-Hexane,i-Hexane,51.52253,-0.1546109999949009
2025-08-29 03:00:00,0.188,2700,London Marylebone Road,i-Hexane,i-Hexane,51.52253,-0.1546109999949009
2025-08-29 04:00:00,0.276,2700,London Marylebone Road,i-Hexane,i-Hexane,51.52253,-0.1546109999949009
2025-08-29 05:00:00,0.332,2700,London Marylebone Road,i-Hexane,i-Hexane,51.52253,-0.1546109999949009
2025-08-29 06:00:00,0.442,2700,London Marylebone Road,i-Hexane,i-Hexane,51.52253,-0.1546109999949009
2025-08-29 07:00:00,0.428,2700,London Marylebone Road,i-Hexane,i-Hexane,51.52253,-0.1546109999949009
2025-08-29 08:00:00,0.709,2700,London Marylebone Road,i-Hexane,i-Hexane,51.52253,-0.1546109999949009
2025-08-29 09:00:00,0.644,2700,London Marylebone Road,i-Hexane,i-Hexane,51.52253,-0.1546109999949009
2025-08-29 10:00:00,0.642,2700,London Marylebone Road,i-Hexane,i-Hexane,51.52253,-0.1546109999949009
2025-08-29 11:00:00,0.565,2700,London Marylebone Road,i-Hexane,i-Hexane,51.52253,-0.1546109999949009
2025-08-29 12:00:00,0.276,2700,London Marylebone Road,i-Hexane,i-Hexane,51.52253,-0.1546109999949009
2025-08-29 13:00:00,0.416,2700,London Marylebone Road,i-Hexane,i-Hexane,51.52253,-0.1546109999949009
2025-08-29 14:00:00,0.664,2700,London Marylebone Road,i-Hexane,i-Hexane,51.52253,-0.1546109999949009
2025-08-29 15:00:00,1.04,2700,London Marylebone Road,i-Hexane,i-Hexane,51.52253,-0.1546109999949009
2025-08-29 16:00:00,0.64,2700,London Marylebone Road,i-Hexane,i-Hexane,51.52253,-0.1546109999949009
2025-08-29 17:00:00,0.665,2700,London Marylebone Road,i-Hexane,i-Hexane,51.52253,-0.1546109999949009
2025-08-29 18:00:00,0.656,2700,London Marylebone Road,i-Hexane,i-Hexane,51.52253,-0.1546109999949009
2025-08-29 19:00:00,0.522,2700,London Marylebone Road,i-Hexane,i-Hexane,51.52253,-0.1546109999949009
2025-08-29 20:00:00,0.762,2700,London Marylebone Road,i-Hexane,i-Hexane,51.52253,-0.1546109999949009
2025-08-29 21:00:00,0.666,2700,London Marylebone Road,i-Hexane,i-Hexane,51.52253,-0.1546109999949009
2025-08-29 22:00:00,0.476,2700,London Marylebone Road,i-Hexane,i-Hexane,51.52253,-0.1546109999949009
2025-08-29 23:00:00,0.538,2700,London Marylebone Road,i-Hexane,i-Hexane,51.52253,-0.1546109999949009
2025-08-30 00:00:00,0.36,2700,London Marylebone Road,i-Hexane,i-Hexane,51.52253,-0.1546109999949009
2025-08-30 01:00:00,0.385,2700,London Marylebone Road,i-Hexane,i-Hexane,51.52253,-0.1546109999949009
2025-08-30 02:00:00,0.254,2700,London Marylebone Road,i-Hexane,i-Hexane,51.52253,-0.1546109999949009
2025-08-30 03:00:00,0.249,2700,London Marylebone Road,i-Hexane,i-Hexane,51.52253,-0.1546109999949009
2025-08-30 04:00:00,0.236,2700,London Marylebone Road,i-Hexane,i-Hexane,51.52253,-0.1546109999949009
2025-08-30 05:00:00,0.346,2700,London Marylebone Road,i-Hexane,i-Hexane,51.52253,-0.1546109999949009
2025-08-30 06:00:00,0.336,2700,London Marylebone Road,i-Hexane,i-Hexane,51.52253,-0.1546109999949009
2025-08-30 07:00:00,0.255,2700,London Marylebone Road,i-Hexane,i-Hexane,51.52253,-0.1546109999949009
2025-08-30 08:00:00,0.371,2700,London Marylebone Road,i-Hexane,i-Hexane,51.52253,-0.1546109999949009
2025-08-30 09:00:00,0.368,2700,London Marylebone Road,i-Hexane,i-Hexane,51.52253,-0.1546109999949009
2025-08-30 10:00:00,0.57,2700,London Marylebone Road,i-Hexane,i-Hexane,51.52253,-0.1546109999949009
2025-08-30 11:00:00,0.478,2700,London Marylebone Road,i-Hexane,i-Hexane,51.52253,-0.1546109999949009
2025-08-30 12:00:00,0.393,2700,London Marylebone Road,i-Hexane,i-Hexane,51.52253,-0.1546109999949009
2025-08-30 13:00:00,0.402,2700,London Marylebone Road,i-Hexane,i-Hexane,51.52253,-0.1546109999949009
2025-08-30 14:00:00,0.32,2700,London Marylebone Road,i-Hexane,i-Hexane,51.52253,-0.1546109999949009
2025-08-30 15:00:00,0.497,2700,London Marylebone Road,i-Hexane,i-Hexane,51.52253,-0.1546109999949009
2025-08-30 16:00:00,0.323,2700,London Marylebone Road,i-Hexane,i-Hexane,51.52253,-0.1546109999949009
2025-08-30 17:00:00,0.49,2700,London Marylebone Road,i-Hexane,i-Hexane,51.52253,-0.1546109999949009
2025-08-30 18:00:00,0.433,2700,London Marylebone Road,i-Hexane,i-Hexane,51.52253,-0.1546109999949009
2025-08-30 19:00:00,0.258,2700,London Marylebone Road,i-Hexane,i-Hexane,51.52253,-0.1546109999949009
2025-08-30 20:00:00,0.425,2700,London Marylebone Road,i-Hexane,i-Hexane,51.52253,-0.1546109999949009
2025-08-30 21:00:00,0.387,2700,London Marylebone Road,i-Hexane,i-Hexane,51.52253,-0.1546109999949009
2025-08-30 22:00:00,0.485,2700,London Marylebone Road,i-Hexane,i-Hexane,51.52253,-0.1546109999949009
2025-08-30 23:00:00,0.372,2700,London Marylebone Road,i-Hexane,i-Hexane,51.52253,-0.1546109999949009
2025-08-31 00:00:00,0.404,2700,London Marylebone Road,i-Hexane,i-Hexane,51.52253,-0.1546109999949009
2025-08-31 01:00:00,0.228,2700,London Marylebone Road,i-Hexane,i-Hexane,51.52253,-0.1546109999949009
2025-08-31 02:00:00,0.451,2700,London Marylebone Road,i-Hexane,i-Hexane,51.52253,-0.1546109999949009
2025-08-31 03:00:00,0.184,2700,London Marylebone Road,i-Hexane,i-Hexane,51.52253,-0.1546109999949009
2025-08-31 04:00:00,0.162,2700,London Marylebone Road,i-Hexane,i-Hexane,51.52253,-0.1546109999949009
2025-08-31 05:00:00,0.445,2700,London Marylebone Road,i-Hexane,i-Hexane,51.52253,-0.1546109999949009
2025-08-31 06:00:00,0.303,2700,London Marylebone Road,i-Hexane,i-Hexane,51.52253,-0.1546109999949009
2025-08-31 07:00:00,0.221,2700,London Marylebone Road,i-Hexane,i-Hexane,51.52253,-0.1546109999949009
2025-08-31 08:00:00,0.305,2700,London Marylebone Road,i-Hexane,i-Hexane,51.52253,-0.1546109999949009
2025-08-31 09:00:00,0.269,2700,London Marylebone Road,i-Hexane,i-Hexane,51.52253,-0.1546109999949009
2025-08-31 10:00:00,0.455,2700,London Marylebone Road,i-Hexane,i-Hexane,51.52253,-0.1546109999949009
2025-08-31 11:00:00,0.546,2700,London Marylebone Road,i-Hexane,i-Hexane,51.52253,-0.1546109999949009
2025-08-31 12:00:00,0.314,2700,London Marylebone Road,i-Hexane,i-Hexane,51.52253,-0.1546109999949009
2025-08-31 13:00:00,0.42,2700,London Marylebone Road,i-Hexane,i-Hexane,51.52253,-0.1546109999949009
2025-08-31 14:00:00,0.425,2700,London Marylebone Road,i-Hexane,i-Hexane,51.52253,-0.1546109999949009
2025-08-31 15:00:00,0.483,2700,London Marylebone Road,i-Hexane,i-Hexane,51.52253,-0.1546109999949009
2025-08-31 16:00:00,0.398,2700,London Marylebone Road,i-Hexane,i-Hexane,51.52253,-0.1546109999949009
2025-08-31 17:00:00,0.413,2700,London Marylebone Road,i-Hexane,i-Hexane,51.52253,-0.1546109999949009
2025-08-31 18:00:00,0.601,2700,London Marylebone Road,i-Hexane,i-Hexane,51.52253,-0.1546109999949009
2025-08-31 19:00:00,0.462,2700,London Marylebone Road,i-Hexane,i-Hexane,51.52253,-0.1546109999949009
2025-08-31 20:00:00,0.465,2700,London Marylebone Road,i-Hexane,i-Hexane,51.52253,-0.1546109999949009
2025-08-31 21:00:00,0.297,2700,London Marylebone Road,i-Hexane,i-Hexane,51.52253,-0.1546109999949009
2025-08-31 22:00:00,0.211,2700,London Marylebone Road,i-Hexane,i-Hexane,51.52253,-0.1546109999949009
2025-08-31 23:00:00,0.316,2700,London Marylebone Road,i-Hexane,i-Hexane,51.52253,-0.1546109999949009
