target,site,pollutant,train_r2,train_rmse,train_mae,val_r2,val_rmse,val_mae,test_r2,test_rmse,test_mae,n_estimators,max_depth,min_samples_split,min_samples_leaf
BG1_NO2,BG1,NO2,0.9641217647849349,0.022214928052458758,0.014386688822239644,0.9113697614069407,0.04644390459108431,0.02905997769188647,0.8226061750505964,0.015652284520304663,0.006859220604077353,100,10,5,2
BG1_SO2,BG1,SO2,0.9230025104725641,0.014746885345564061,0.00922765582271495,0.7280890570051871,0.09308304726486483,0.033978352414933126,0.9153327870760924,0.011522000120038059,0.004049785677578221,100,10,5,2
BG2_NO2,BG2,NO2,0.9130260175316643,0.04010637676654531,0.02867598203522249,0.843762471343871,0.0657605397309818,0.04122307161238763,-1.007077112540059e+29,0.00880808711888781,0.005788824915156439,100,10,5,2
BG2_PM10,BG2,PM10,0.8551061308039706,0.007737919644595677,0.004381880980939747,0.6251210039565923,0.012595996810148335,0.006547151257568034,0.7539912814883414,0.014016833107372683,0.005529131561972874,100,10,5,1
BQ7_NO2,BQ7,NO2,0.9456897041048873,0.02818832733684182,0.01928584862994053,0.8627020471911346,0.06007163952166262,0.0367523258725083,0.8396450383691259,0.03368996224500049,0.019868539501725683,100,10,5,2
BQ7_O3,BQ7,O3,0.9678140067091187,0.022063360291765675,0.01619754703926543,0.9340050609873316,0.0356620916267332,0.025103569778968157,0.9254255107210795,0.03092775627004507,0.021903098298962802,100,10,5,1
BQ7_PM10,BQ7,PM10,0.9535894723180796,0.020201500843953737,0.013224968593027898,0.8838971500976809,0.059496613515460775,0.033656322102833494,0.7964893724617778,0.03271871989599893,0.01866297819224283,100,10,5,1
BQ7_PM25,BQ7,PM25,0.9746416262169287,0.013808076325781621,0.008898081175001854,0.8886172460927826,0.05937178360633063,0.02819650145208259,0.819355251240638,0.025745499195326465,0.0120780544442761,100,10,2,1
BQ9_PM10,BQ9,PM10,0.9435093203555452,0.01526486129539244,0.009987323938419916,0.9015493920428677,0.0313498098394423,0.0185392021095905,0.7952548547155398,0.01911440981694649,0.010603790509839891,100,10,5,1
BQ9_PM25,BQ9,PM25,0.9634057710751204,0.01116200810793607,0.007075263274963566,0.9180007309964258,0.02867676148453479,0.014170092115100667,0.7652238268127747,0.01744998546822157,0.007355727683470682,100,10,2,1
BT4_NO2,BT4,NO2,0.9115912583109499,0.023742003295871974,0.01698701601754856,0.8615999681140707,0.030540455526597475,0.022891433073952472,0.8057286326356721,0.02945653921257734,0.021820122387036917,100,10,5,2
BT4_PM10,BT4,PM10,0.8409006337185715,0.013160591067121015,0.008293445402526365,0.5996880040707531,0.023668843580323208,0.01170865118296631,0.38090995610958334,0.013681343052294109,0.007374992818173135,100,10,5,1
BT4_PM25,BT4,PM25,0.9064055071226887,0.024032185698635963,0.018328816582748417,0.8299924003824158,0.04844136463523668,0.03117982718503108,0.48811616322167106,0.04642718417011517,0.02358761561413557,100,10,2,1
BT5_NO2,BT5,NO2,0.8988887048391034,0.03542814360520848,0.026321936529793935,0.8377132879487601,0.046969192649305824,0.03375301553328969,0.7275850414062852,0.038543001738258566,0.027393723518542794,100,10,5,2
BT5_PM10,BT5,PM10,0.8455979247339221,0.02085136358176372,0.013838297030252493,0.6683638999106218,0.03341186003303858,0.020698964825939813,0.6095084183101576,0.03196675567641806,0.017639083611383225,100,10,5,1
BT5_PM25,BT5,PM25,0.8634509876271509,0.01823529559031442,0.011315287134787699,0.7031077736659394,0.05291476286190868,0.028910832194830937,0.4941122118093303,0.02165163901153203,0.013074497003924842,100,10,2,1
BT6_NO2,BT6,NO2,0.9406106724895472,0.0313765478790253,0.023476851763704287,0.899095382660008,0.042980249181868095,0.029665356228325696,0.8037310200929725,0.036799439070848185,0.02625835159785273,100,10,5,2
BT6_PM10,BT6,PM10,0.8509981072418606,0.013945572512200641,0.009730587990016974,0.631159239445538,0.03021661364192957,0.014322553857131078,0.5491728237201292,0.016312650433014043,0.010844249170785462,100,10,5,1
BT6_PM25,BT6,PM25,0.8832143710225863,0.012090100456321399,0.007397920031561934,0.7030778738440349,0.04034397299758392,0.0204090211456526,0.5507437411944094,0.02225000453398195,0.013899171664997226,100,10,2,1
BT8_NO2,BT8,NO2,0.8952693920138384,0.029146326928165548,0.020935232895012108,0.8664622969645641,0.03893916051040099,0.027500073354378023,0.7284748250344719,0.031406179726360575,0.023007705531222944,100,10,5,2
BT8_PM10,BT8,PM10,0.868622762504274,0.014120347621723317,0.010614094870541805,0.81850023335445,0.02122615706843087,0.015020223696100706,0.5849084536536913,0.017180760290937257,0.011959987821417887,100,10,5,1
BT8_PM25,BT8,PM25,0.8748260040202125,0.023447037481210388,0.015280622652361167,0.851146421479527,0.04669302698780623,0.03446671355431278,0.6028427893403441,0.03677493482333453,0.026664232657201657,100,10,2,1
BX1_NO2,BX1,NO2,0.9433764277589588,0.024531018695589442,0.01661275610246785,0.8965730264806254,0.036505045349842544,0.02303368547812008,0.8156403385644648,0.033900126225367797,0.020759664776374653,100,10,5,2
BX1_O3,BX1,O3,0.9648826162952564,0.02459355417905252,0.018111059337771355,0.9273152173705548,0.038093082498868946,0.02670250727434535,0.9227457769454284,0.030955214472156038,0.02187964639540693,100,10,5,1
BX1_SO2,BX1,SO2,0.8468842108210204,0.00891485394069596,0.002607068782031057,0.6617741329799066,0.025915608012534886,0.007296695402591382,0.8995546462440314,0.015337524490387413,0.008646486671394036,100,10,5,2
BX2_NO2,BX2,NO2,0.9435278185253356,0.030232215890047712,0.020677160713291433,0.8607168180559386,0.06050217116427125,0.037837468794767466,0.8230813198274086,0.03654273787965613,0.022710689338659253,100,10,5,2
BX2_PM10,BX2,PM10,0.9123120732293978,0.01296258540214312,0.007607977472861526,0.8676289443402844,0.023146360405582572,0.01363081208785376,0.5725788075561025,0.023584107190407214,0.00995988271517705,100,10,5,1
BX2_PM25,BX2,PM25,0.9564936779440939,0.008014278115636536,0.005097453579554874,0.894146918503657,0.02116777223585638,0.010877819555327116,0.8175008383950187,0.009673030235799306,0.005230815785799196,100,10,2,1
BY7_NO2,BY7,NO2,0.9261318160041365,0.036834768920911996,0.02637242543476359,0.8478774702313846,0.05459725829656263,0.03826760259032433,0.7636664426467612,0.042396203970462294,0.03051959149719502,100,10,5,2
BY7_PM10,BY7,PM10,0.8479803724659131,0.024498643209176142,0.01819498962867705,0.660828543308482,0.041206935554045206,0.02592317888808535,0.501501466748733,0.03139495398195866,0.020972540878240062,100,10,5,1
BY7_PM25,BY7,PM25,0.8353682236317187,0.02649196421830449,0.020553857006215943,0.7197120248255897,0.04846494428745823,0.03245866876627944,0.3836760439233887,0.03872604041981868,0.026050949817500717,100,10,2,1
CD1_NO2,CD1,NO2,0.904087879755577,0.03545780888195161,0.020476949887974744,0.7714288637850912,0.07693808357742896,0.05237981595967967,0.6613245056765774,0.058084915917952964,0.038571851084133274,100,10,5,2
CD1_PM10,CD1,PM10,0.8796523552571405,0.02473735729438466,0.014929286425408719,0.669072471106395,0.08668249938399665,0.04787300763626258,0.60699602701524,0.050870464243017895,0.03478568061901842,100,10,5,1
CD1_PM25,CD1,PM25,0.900758770399013,0.017157854405284584,0.010612577411814816,0.851480901465363,0.04448241449322806,0.03017754827928067,0.5763935570761347,0.03839239319297117,0.0238871681852286,100,10,2,1
CE2_NO2,CE2,NO2,0.9288052448981372,0.028581350979384277,0.02030650654222412,0.8735578266586583,0.046676910334791724,0.035027897639526545,0.7563067742476981,0.04222334201104412,0.03221600545750595,100,10,5,2
CE2_O3,CE2,O3,0.9586731082589508,0.030509764516190904,0.022398964653861524,0.9122767691845869,0.036942038942959714,0.020070105721672768,0.8885412676063207,0.04625079838024445,0.030354557990799034,100,10,5,1
CE2_PM10,CE2,PM10,0.8914375738912307,0.00955446360311395,0.004872515123572186,0.8399452947896352,0.01193902596115397,0.006774795239588124,0.5178596736938101,0.010339056701660677,0.005022538670901485,100,10,5,1
CE2_PM25,CE2,PM25,0.9366024854648811,0.007168095596669874,0.0036905777993053207,0.902826833499845,0.01259000409370994,0.006594699491035933,0.7573309671643789,0.007393592365952295,0.0037913542300096106,100,10,2,1
CE3_NO2,CE3,NO2,0.9153611831938304,0.030341988660247225,0.017788163864682686,0.8402551503849394,0.05086361310584394,0.033639398927526584,0.8520283863120027,0.031195406847301238,0.016867461045698244,100,10,5,2
CE3_PM10,CE3,PM10,0.9270594512594691,0.016921714287333984,0.009769428686020178,0.742036574221901,0.056590826500336,0.023398765988754535,0.6746801972294745,0.032906028648502526,0.02102169737481317,100,10,5,1
CE3_PM25,CE3,PM25,0.9502655464066575,0.01483657104873741,0.00849366413526223,0.8774934553784361,0.04250244572992241,0.022007329642631603,0.7079317711778508,0.02840849176129957,0.017800933151899206,100,10,2,1
CR5_NO2,CR5,NO2,0.9494863614034382,0.03201068267689735,0.023551437240394733,0.8846868565429402,0.04221864049778445,0.031394038809742314,0.8293309679370218,0.038356023423920305,0.027393524047355733,100,10,5,2
CR7_NO2,CR7,NO2,0.9114255751065722,0.038045353746402284,0.026463647592115416,0.7784352128945029,0.036352422321838114,0.022804838979353995,0.8085510252477994,0.04679515774220635,0.03462032043949795,100,10,5,2
CR8_PM25,CR8,PM25,0.9263801679502154,0.02041050862119754,0.015614728341913398,0.8837187700969972,0.035143486612953585,0.02266892339221464,0.0,0.00870519976088279,0.006587232498018998,100,10,2,1
CW3_NO2,CW3,NO2,0.9482106030053468,0.028644382425213208,0.020815737161583064,0.8921091282896587,0.05087391298602244,0.03269874025367596,0.7873073033694686,0.03622591725984056,0.024864067943574406,100,10,5,2
CW3_PM10,CW3,PM10,0.9560749125154406,0.020624933358207812,0.014034327456266331,0.9202081702584096,0.04513454879203322,0.027082306578333767,0.8536170578676193,0.025474722386769007,0.01705781994930498,100,10,5,1
CW3_PM25,CW3,PM25,0.9714956420139225,0.01688617058025018,0.01123237952357937,0.9291648363660968,0.047152109561385665,0.023291147725726522,0.8937369976354939,0.020046379106862626,0.012354968647612583,100,10,2,1
EA6_NO2,EA6,NO2,0.9036374062319066,0.03713870686354725,0.028070337339117884,0.8293994395893589,0.053595535046955085,0.03711065746165405,0.8015445652397466,0.05845778629712635,0.04078156957614661,100,10,5,2
EA6_PM10,EA6,PM10,0.8580251808073822,0.020524945283829834,0.014206328508443543,0.8490105435837068,0.0318059389520751,0.019517962980092944,0.590958792444974,0.0228412691741298,0.014017950230744836,100,10,5,1
EA8_NO2,EA8,NO2,0.9209662184467744,0.03329948603446542,0.02480586530608943,0.8624820268270995,0.044037802213747736,0.031302396254112824,0.804751946583497,0.03549145683018388,0.02511134312040697,100,10,5,2
EA8_PM10,EA8,PM10,0.882661626997591,0.02086854294462177,0.013487017551072079,0.6878651591077227,0.03240397168261615,0.019161684913003376,0.6251904046916323,0.046959569730369716,0.02337939861968405,100,10,5,1
EI1_NO2,EI1,NO2,0.9319489337161737,0.039129198470828006,0.029419092630418524,0.9033205751527971,0.0511774472953365,0.03687719887784747,0.8037663217388077,0.04630564613987866,0.033778096591888074,100,10,5,2
EI1_PM10,EI1,PM10,0.8704812622513515,0.011350292043132083,0.008035457965302462,0.759196107460417,0.016409070015983667,0.010780508417558801,0.6410428112614857,0.010839513410420791,0.006950958881151818,100,10,5,1
EI8_PM10,EI8,PM10,0.890053603085833,0.024408090502742803,0.015356324777835087,0.5593199763026081,0.05510923291516719,0.029249787226102168,0.6516511556226654,0.062205429481551826,0.03263718600445712,100,10,5,1
EN1_NO2,EN1,NO2,0.9589255019506929,0.027533226101040604,0.01940802769639374,0.9171850070536796,0.04452840116495717,0.02950741631141434,0.8640900075928755,0.03269273653326194,0.02170683897271498,100,10,5,2
EN4_NO2,EN4,NO2,0.9356450878446064,0.028234158420637628,0.0204053573063962,0.8704837819900736,0.044313072430297515,0.029893873819761774,0.7968625798614468,0.032117521336716595,0.022547639727690513,100,10,5,2
EN5_NO2,EN5,NO2,0.931084301243413,0.036628670679959945,0.026699617797549872,0.8814917042191543,0.06062335065684927,0.04126253770107545,0.8218368049833874,0.045187549648363017,0.03131514541833784,100,10,5,2
EN7_NO2,EN7,NO2,0.929006433282981,0.036674469100165606,0.025651828619429985,0.8770754105327148,0.05886103910127199,0.03831860578321872,0.8059581111136298,0.0436429230488784,0.025498654080236438,100,10,5,2
GB0_PM25,GB0,PM25,0.9306497643013566,0.023799661020809337,0.015207427984070297,0.857593327833092,0.06482405415573565,0.04230574829219368,0.6555503106646039,0.04381250357121175,0.02940752183263864,100,10,2,1
GB6_NO2,GB6,NO2,0.9408037938358852,0.032139485711374545,0.020711411149332136,0.8727589968449891,0.06821934391905705,0.04558372291757055,0.8514238726730105,0.046218643482659895,0.03200807429918145,100,10,5,2
GB6_O3,GB6,O3,0.9671904814000806,0.021519013013070628,0.013678342958684774,0.9282299363574661,0.04785639501136212,0.034950320980577224,0.9182869297928691,0.04042206467392556,0.02960296166894359,100,10,5,1
GB6_PM10,GB6,PM10,0.8904000032530259,0.02089301394605214,0.014216825698149893,0.7376196452554196,0.05317380008136578,0.03149696253334741,0.6015893207171715,0.030621848870535345,0.01884542814229683,100,10,5,1
GN0_NO2,GN0,NO2,0.9287973044097465,0.03654602648459714,0.025765200246161583,0.8519896932151434,0.0616004582549345,0.04157082695288994,0.8155518140104073,0.04909412793845925,0.03195291542221627,100,10,5,2
GN0_PM10,GN0,PM10,0.871154615894726,0.026542489553106372,0.019654687104764992,0.7076959315511011,0.0524134102739967,0.03370909503963447,0.45320873662167993,0.04763237587278579,0.027245086954119473,100,10,5,1
GN0_PM25,GN0,PM25,0.9188614673411561,0.026441158369697636,0.01640407174307525,0.7880662952417189,0.10666993347012238,0.06757516118369127,0.5956351041734251,0.05753005098231862,0.04174818541855239,100,10,2,1
GN3_NO2,GN3,NO2,0.9219233577344832,0.0333312858700904,0.024309342852877606,0.8672331055536611,0.05538875162193469,0.03852921786955007,0.7833894455814285,0.0424499091618723,0.030360168422069393,100,10,5,2
GN3_O3,GN3,O3,0.9567170363438258,0.027634409952982986,0.019286249475665526,0.9251262256724269,0.05524513843999856,0.03967380845610744,0.8868573404783799,0.0512012911090066,0.03662419833157867,100,10,5,1
GN3_PM10,GN3,PM10,0.8737751930805837,0.03712681339319798,0.0282369087187372,0.5904538708220851,0.10412969508185195,0.055182868897902526,0.600050829307381,0.047684952612724714,0.03321443963397716,100,10,5,1
GN3_PM25,GN3,PM25,0.914079143212468,0.018920771772410354,0.013545171742802202,0.8622747206867655,0.04887416007858533,0.027509778549522763,0.723835643848323,0.026494886780415002,0.019384527361333434,100,10,2,1
GN4_NO2,GN4,NO2,0.9327806929208744,0.03557978379521099,0.02546697786019126,0.8611090315696076,0.05648542626081986,0.03871750778515358,0.814071155843238,0.04302345633716268,0.02880918367183723,100,10,5,2
GN4_PM10,GN4,PM10,0.876832371107944,0.03294116206160808,0.024637764270736936,0.7268041128718725,0.06905496198923754,0.04430248239574515,0.595823787946341,0.04428034395073957,0.028847937458592553,100,10,5,1
GN5_NO2,GN5,NO2,0.9186394510065709,0.042900831174826466,0.028910147082835194,0.8799295414861961,0.06850291507402899,0.047779476707791306,0.7871346857000197,0.05767672262480498,0.041553698672905655,100,10,5,2
GN5_PM10,GN5,PM10,0.8564766616326742,0.03539652631283433,0.026620346379340975,0.7282327865717755,0.0651485452589785,0.0415057697389754,0.6586217193175268,0.03426975127443242,0.024446054845213734,100,10,5,1
GN6_NO2,GN6,NO2,0.9303196677609479,0.033994478281645445,0.02544527504052011,0.8521164154359153,0.05722213921601553,0.03730942282884209,0.790611679891062,0.04223828531556367,0.029261460827795713,100,10,5,2
GN6_PM10,GN6,PM10,0.852972994669916,0.03959503944466348,0.029273094298644962,0.7554102274898912,0.07010930223689996,0.04539315319642197,0.6736859658477137,0.04375060227888349,0.03092247472431857,100,10,5,1
GN6_PM25,GN6,PM25,0.9463337037058351,0.019594460975050187,0.013635759578994718,0.8851355771581315,0.05456339652028145,0.03277870012624182,0.5274327207022372,0.015773345270198382,0.00594964334079072,100,10,2,1
GR7_NO2,GR7,NO2,0.9231445426730961,0.033350153854222575,0.02526388024875507,0.8800612710990657,0.046738500193706206,0.034872987548113105,0.7770834999530111,0.043318595691548556,0.03137055472142675,100,10,5,2
GR7_PM10,GR7,PM10,0.8691405771872813,0.028952630381845985,0.021718800416189996,0.750533018453694,0.05022077739010045,0.03511464004219301,0.6131876420821836,0.03803777508384908,0.025589038387113086,100,10,5,1
GR8_NO2,GR8,NO2,0.9163691337249551,0.029193062808354295,0.01882178079876856,0.8908499731530855,0.04152014507160584,0.02994760041637866,0.7929984566659081,0.031812160775967976,0.02305107946659102,100,10,5,2
GR8_PM10,GR8,PM10,0.863568616553943,0.01653112053591859,0.011224770701814102,0.7474042451585168,0.031722981165570284,0.02000405423117867,0.6473784394337727,0.017813789780240244,0.011615435533023967,100,10,5,1
GR9_NO2,GR9,NO2,0.9335587971291368,0.03633050781130433,0.026032475369404996,0.8741186092270745,0.051702448921926554,0.034792974448011195,0.8209803363942435,0.043401615099334385,0.028955039613434798,100,10,5,2
GR9_PM10,GR9,PM10,0.8730021805327427,0.03314567970425916,0.024965391958834595,0.7221371284914682,0.06302660391377628,0.0418683140819166,0.6050795833271523,0.04749889917616145,0.02984873429753832,100,10,5,1
GR9_PM25,GR9,PM25,0.9360329532007222,0.020302217499907262,0.015290036393369302,0.8877284483320736,0.03209457063365521,0.022770546895647042,0.6414520468350905,0.03721796060819598,0.019093712224932582,100,10,2,1
HG1_NO2,HG1,NO2,0.9358198641615663,0.02784009530392562,0.02016355440316478,0.8806596446670737,0.043151359488655644,0.02976737621561217,0.8598920737902586,0.02657330528920211,0.017707064110603885,100,10,5,2
HG4_NO2,HG4,NO2,0.9578231396610561,0.023918478654757915,0.01674901013306893,0.8998905609493656,0.039814535521975336,0.026428749204748962,0.8653222897543882,0.029797435166527966,0.01976275995789991,100,10,5,2
HG4_O3,HG4,O3,0.9765455854338908,0.01616456927954923,0.010447705591385062,0.950002961129852,0.03406769299698286,0.023702711782785674,0.9388289119196105,0.026983108373443535,0.01690910226169384,100,10,5,1
HP1_NO2,HP1,NO2,0.9481457737593477,0.023787962118672335,0.01642731625187115,0.8879691970716805,0.045016465247359215,0.02836589197994296,0.8160164017523912,0.03258444596164835,0.020092029265838026,100,10,5,2
HP1_O3,HP1,O3,0.972032504959474,0.0207237605614663,0.015444180686987202,0.9463443146662451,0.03212408867385809,0.022692003359733405,0.9345756811386678,0.0293636290200644,0.020690565864650963,100,10,5,1
HP1_PM10,HP1,PM10,0.9514795549194078,0.014001406585210357,0.009890999034951432,0.9014727311206606,0.028494299177327403,0.016880124924439997,0.8348593393898361,0.015939477361918336,0.010539629063677418,100,10,5,1
HP1_PM25,HP1,PM25,0.969887218375273,0.012511067926678145,0.008488109338340943,0.9280928501656235,0.030503989866381264,0.015978268562987345,0.8986137850989281,0.012496616776611163,0.007747965797774789,100,10,2,1
HV1_NO2,HV1,NO2,0.9188415728588983,0.035957841115674995,0.026107558439089393,0.8621991680651283,0.0607232290298045,0.03968264315446086,0.7956360412227317,0.03996736294084185,0.02734348047016199,100,10,5,2
HV3_NO2,HV3,NO2,0.9231083823875793,0.032654739153805824,0.0241748389848806,0.8718695687504161,0.043844690963282154,0.03047188612023453,0.798346704812056,0.04217490999622036,0.02851931200654846,100,10,5,2
HV3_PM10,HV3,PM10,0.9157229070785464,0.02219345139095373,0.015794116184916218,0.7802359982456595,0.04085984210706081,0.025032418480335793,0.7008748166981595,0.029604339430483774,0.018201446322329784,100,10,5,1
IS2_NO2,IS2,NO2,0.9254805752590658,0.03776788613356284,0.028072799541909325,0.8587888387010464,0.062231271903013884,0.044648139548845014,0.7252483598999342,0.051945730393977464,0.03882987796302017,100,10,5,2
IS2_PM10,IS2,PM10,0.8709997231587392,0.012449602848978208,0.0086575263500382,0.7897571570359225,0.02186444181709339,0.01563546440949182,0.4394054829876354,0.018250675167752885,0.013839790491298319,100,10,5,1
IS6_NO2,IS6,NO2,0.9550847209120477,0.0258030585627238,0.018857506225426895,0.8490080368853985,0.05340370727813408,0.03463031864204704,0.7931026069777853,0.04164976995849983,0.027218429090208683,100,10,5,2
IS6_PM10,IS6,PM10,0.8528288611980686,0.011331069460239703,0.007960701376025293,0.6817969020129451,0.020672135736631524,0.013012937245834199,0.42759527378586937,0.016916367330107054,0.010432842970621999,100,10,5,1
KC1_CO,KC1,CO,0.9517832236415029,0.013493354601108065,0.006758008606745666,0.8567376468489818,0.02484513904010564,0.010158076242988498,0.8231551108286426,0.013074253648460871,0.006690537825759898,100,10,2,2
KC1_NO2,KC1,NO2,0.9579102219999415,0.02611145491452357,0.01852999339257491,0.917517178933647,0.043595352944137786,0.02788803222465028,0.8400243687823687,0.0342986377543445,0.021923266632910957,100,10,5,2
KC1_O3,KC1,O3,0.9688951083109117,0.023832966315051426,0.01783484298487947,0.9392580306590912,0.03731063509360212,0.026278038123913234,0.9249994159589677,0.034518214670817234,0.024387288223337085,100,10,5,1
KC1_PM25,KC1,PM25,0.9722008756216475,0.011298475520757334,0.006917295305864323,0.907017282791764,0.04895045522007699,0.02282009995405047,0.8753494059404071,0.01989080097835742,0.010514469266682019,100,10,2,1
KC1_SO2,KC1,SO2,0.97663772238958,0.014315773552137192,0.009539682547564307,0.11162463571831072,1.0670098520205487,0.12077789032149215,0.861671994350103,0.018233629282310183,0.013588342495975517,100,10,5,2
LB4_NO2,LB4,NO2,0.8361366606341147,0.05273490718062289,0.039103844466882184,0.6733645734597168,0.06191980175297501,0.04663580393807518,0.6234548808877728,0.055342445868575486,0.04178194233282654,100,10,5,2
LB4_PM10,LB4,PM10,0.878014619082044,0.026241294676822575,0.01958769845489346,0.6901243961533237,0.04572017494241662,0.03262943176056319,0.6123729483086875,0.02413014944428655,0.01673241697790923,100,10,5,1
LB4_PM25,LB4,PM25,0.852170845188137,0.027078960617877634,0.02076391676071358,0.7357721158201226,0.0457739591370641,0.033909144175605525,0.5008668777239857,0.02689949909367392,0.018228848752807766,100,10,2,1
LB6_NO2,LB6,NO2,0.9528099996376477,0.02829644693589118,0.01898587174732466,0.8982924432336905,0.045755843813462024,0.031034283798677807,0.8529288909222887,0.030873825065702253,0.020997026939009535,100,10,5,2
LB6_PM10,LB6,PM10,0.8882599453719299,0.026723322653092657,0.02044827379249257,0.8073707179624532,0.05317785945067523,0.035389010636841516,0.38765853920895155,0.06447118889948099,0.0271818875086867,100,10,5,1
ME9_NO2,ME9,NO2,0.9232603152219588,0.03579412630358449,0.02601212939457324,0.8708337014160923,0.043427408194521226,0.031614457598158334,0.7706233234590524,0.03564933026511679,0.025665512686547307,100,10,5,2
MY1_CO,MY1,CO,0.9449746202652756,0.024482248327156748,0.0165947540461011,0.9381906973179936,0.028335374801482,0.018714455657639684,0.45252070118207144,0.1411041895482345,0.03086754954099037,100,10,2,2
MY1_NO2,MY1,NO2,0.9152313883584884,0.03872010180012337,0.02823320456470173,0.8397569917922221,0.043096297632421315,0.03150098145666878,0.772177581287888,0.060999471460446555,0.03828837260867073,100,10,5,2
MY1_O3,MY1,O3,0.9527777700071651,0.030698212523118166,0.02213775116906337,0.9367752606450775,0.043451062752205456,0.03028391989125693,0.9058022423866369,0.0350550082241009,0.01933766521089656,100,10,5,1
MY1_SO2,MY1,SO2,0.6926516585630895,0.00767563030464573,0.00177304277470436,0.33327550292497854,0.05540743043936179,0.007294705602959255,-9.790605012878924,0.02188903090226327,0.007632349868192326,100,10,5,2
RI1_NO2,RI1,NO2,0.9345848900124474,0.032805595458696234,0.02359305813778508,0.8947358739315743,0.053430185448816385,0.03690130709261921,0.8275061720810052,0.03342873979589737,0.023140518883332722,100,10,5,2
RI1_PM10,RI1,PM10,0.8384776867263244,0.0174795661294566,0.012314311251938345,0.7040397305051902,0.0326481844876165,0.019701235143012624,0.3880524224104007,0.025841398147711213,0.013363350293507504,100,10,5,1
RI2_NO2,RI2,NO2,0.9385812401209871,0.01466110878750519,0.008372352444357748,0.8898491853876045,0.03251748699299929,0.020344240212092378,0.8243350661991806,0.024962708786980783,0.015514493498792102,100,10,5,2
RI2_O3,RI2,O3,0.9774455511426294,0.01801260729296952,0.009952923166810351,0.9476012514326887,0.037701349624052145,0.02456607538384606,0.9278529660906615,0.03504987928430082,0.023832586349919978,100,10,5,1
RI2_PM10,RI2,PM10,0.8801534773831267,0.022574430208652862,0.0151257552959667,0.7775551236701076,0.053157144967188624,0.033899882680569156,0.6301464961335832,0.03363131913815037,0.01882759021005397,100,10,5,1
SK5_NO2,SK5,NO2,0.9380617520485856,0.03400980968935296,0.0244468069276292,0.8782931618316397,0.05440401525362878,0.03762401287903049,0.8059485183756125,0.041657335753585156,0.027935222591963377,100,10,5,2
SK5_PM10,SK5,PM10,0.8859089124241376,0.016991226425877644,0.010616104477637025,0.7916647405501934,0.0342513193231298,0.02302030628384096,0.6306125424356688,0.029007151391167385,0.01787949673443914,100,10,5,1
TH2_NO2,TH2,NO2,0.9552612479056348,0.026218824380536385,0.01957598875261327,0.9046001264266724,0.037591694389628026,0.0262178258704456,0.8781900675891128,0.031078057346782595,0.022414949035173895,100,10,5,2
TH4_NO2,TH4,NO2,0.9209120955348672,0.03117109455590581,0.023815564404712736,0.8717944185487678,0.03685270742751357,0.02562532600050715,-5.191427801834098e+28,0.018972078043176004,0.01524427624791919,100,10,5,2
TH4_O3,TH4,O3,0.9586860333263777,0.027975684369935448,0.021604886422990365,0.9137555023685194,0.03240764851225037,0.022913579094696702,-9.31953198299144e+28,0.016946393463492,0.013689097451356234,100,10,5,1
TH4_PM10,TH4,PM10,0.8681135056672367,0.020742200122234142,0.013798601995030899,0.78227461372824,0.05639787147271644,0.02718283005589914,-7.50238557311786e+28,0.007602386212132735,0.003240822607991084,100,10,5,1
TH4_PM25,TH4,PM25,0.9432848435319627,0.015925238585316595,0.011412561446729376,0.9223639243698945,0.032065943438152916,0.015569736114212952,0.0,0.0031894612107607264,0.00241862356192902,100,10,2,1
TL4_NO2,TL4,NO2,0.9278988288392451,0.027486011218994542,0.015728686799256826,0.7555169863447677,0.04409427133117446,0.02068269562125247,0.7961594413679806,0.04087340304283558,0.029538562992596586,100,10,5,2
TL5_NO2,TL5,NO2,0.9330344728111934,0.027299740746862717,0.018981310135713754,0.8755098009176694,0.04566773799198722,0.030019015226942003,0.7424994839544549,0.022299851563046848,0.01197650748528161,100,10,5,2
TL6_NO2,TL6,NO2,0.9050899673391382,0.015215218448339545,0.00944678195478364,0.8377828376731431,0.025272031963439582,0.016610792336584728,0.8091691492685131,0.015915250000927878,0.010853495101428653,100,10,5,2
TL6_PM25,TL6,PM25,0.8771490581061305,0.005154682342208524,0.002134512876133588,-0.29731186821007416,0.012823251184095148,0.004097502787398102,0.3387997324384845,0.004208476915793885,0.0024577676372813523,100,10,2,1
WA7_NO2,WA7,NO2,0.8350836083106353,0.015274875326259478,0.0074002041379641215,0.7931838898897474,0.024402311922650525,0.01774914372994112,0.6849769883265324,0.022397930591764436,0.016323839869352957,100,10,5,2
WA7_PM10,WA7,PM10,0.8594184783083149,0.02129247932704473,0.015236284900219969,0.6251436673091,0.04166302514902841,0.028505384721759588,0.30815784629785903,0.07190692546780772,0.023926501554887576,100,10,5,1
WA9_PM10,WA9,PM10,0.8963921363619214,0.02937369783622336,0.02221524370091037,0.7514686170246662,0.05622544817207054,0.03795603834583705,0.6372562556771263,0.042283945327602934,0.029912633686419346,100,10,5,1
WAA_NO2,WAA,NO2,0.954096184239425,0.017979564862066023,0.011399091523435148,0.885061705857682,0.035589802681997025,0.024358536960934034,0.81204735423107,0.021294918827366165,0.012618987498563789,100,10,5,2
WAA_PM10,WAA,PM10,0.8667972141753028,0.009898564007530315,0.005355458357855865,0.707217162347755,0.020840324199905703,0.012358516691739426,0.6224050930498258,0.01262382450155914,0.007653051216645342,100,10,5,1
WAB_NO2,WAB,NO2,0.9217709767018292,0.037411391350701324,0.02608551205751415,0.783238990287199,0.07579303045781881,0.046805540230293895,0.8408784183798468,0.04287744033145717,0.03215269889548118,100,10,5,2
WAB_PM10,WAB,PM10,0.8393901662146052,0.006680475309353613,0.004276491589894587,0.5817435407269929,0.013203848467103816,0.008152808058415976,0.5075905747308609,0.008447522399890708,0.005809263804372164,100,10,5,1
WAC_PM10,WAC,PM10,0.8402882455762574,0.02695577471202265,0.018942025350989922,0.7280070588960961,0.042801222260680685,0.02721201364402002,0.5365234020185154,0.026075718059887988,0.01763763990667915,100,10,5,1
WM5_NO2,WM5,NO2,0.9565690785019156,0.02153114521473978,0.014335325800311357,0.9037448769188601,0.04093307904100603,0.02758186358517599,0.820122882097425,0.031026341687736922,0.021787914394574098,100,10,5,2
WM6_NO2,WM6,NO2,0.8976004221396764,0.04376121031561763,0.03286285192026191,0.8399874877246374,0.05258880261487309,0.0391105504842119,0.7377003569346996,0.04758136718256737,0.03560260780801581,100,10,5,2
WM6_PM10,WM6,PM10,0.8931037439752515,0.025721404321472255,0.014819032195606959,-8.658325293684944e+27,0.005165319421116683,0.0033693138223355344,-2.808817220660092e+27,0.00294199529396763,0.0016149201627670843,100,10,5,1
WMD_NO2,WMD,NO2,0.8536604386978147,0.04269701083515407,0.031069276955080265,0.7670871254054783,0.04918126357557986,0.036895377776152934,0.5427160902982522,0.04710031976614566,0.03488106052146958,100,10,5,2
WMD_PM25,WMD,PM25,0.93871346502688,0.01637863333578918,0.012366041171367567,0.8921449143283593,0.031175206834106142,0.020497616510333237,0.734905498562502,0.018532315926464194,0.013436507432150654,100,10,2,1
